{
"lengthUnit": "mil",
"components": {
	"fields": ["COMPONENT_NO", "COMPONENT_NAME", "LAYER", "X_COORDINATE", "Y_COORDINATE", "ANGLE"],
	"rows": [
		[1, "C1", "T", 5010, 1150, 270],
		[2, "C2", "T", 4835, 440, 180],
		[3, "C3", "T", 4785, 220, 90],
		[4, "C4", "T", 4565, 240, 270],
		[5, "C5", "T", 4745, 980, 90],
		[6, "C6", "T", 3225, 1140, 180],
		[7, "C7", "T", 3560, 1140, 180],
		[8, "C8", "T", 3930, 1140, 180],
		[9, "C9", "T", 4275, 1130, 180],
		[10, "C10", "T", 335, 335, 90],
		[11, "C11", "T", 1305, 340, 90],
		[12, "D1", "T", 4855, 595, 0],
		[13, "D2", "T", 3300, 790, 270],
		[14, "D3", "T", 3655, 790, 270],
		[15, "D4", "T", 4025, 790, 270],
		[16, "D5", "T", 4375, 795, 270],
		[17, "DC2", "T", 5225, 1145, 270],
		[18, "F1", "T", 4570, 890, 270],
		[19, "F2", "T", 4730, 1180, 0],
		[20, "J1", "T", 4890, 890, 90],
		[21, "J2", "T", 4335, 1440, 0],
		[22, "J3", "T", 865, 1445, 0],
		[23, "J4", "T", 2670, 1445, 0],
		[24, "J5", "T", 1865, 970, 90],
		[25, "J6", "T", 1620, 970, 90],
		[26, "Power_ON", "T", 5150, 460, 180],
		[27, "R1", "T", 3125, 810, 270],
		[28, "R2", "T", 3470, 810, 270],
		[29, "R3", "T", 4205, 815, 270],
		[30, "R4", "T", 3840, 810, 270],
		[31, "R5", "T", 5385, 365, 90],
		[32, "RN1", "T", 3900, 140, 0],
		[33, "U1", "T", 2750, 340, 180],
		[34, "U2", "T", 2505, 950, 0],
		[35, "U3", "T", 980, 950, 0],
		[36, "U4", "T", 830, 335, 0],
		[37, "U5", "T", 1780, 340, 0],
		[38, "U6", "T", 4995, 230, 90],
		[39, "PAD1", "T", 5275.59, 787.4, 0],
		[40, "PAD1", "B", 5275.59, 787.4, 0],
		[41, "PAD2", "T", 236.22, 787.4, 0],
		[42, "PAD2", "B", 236.22, 787.4, 0],
		[43, "PAD3", "T", 3505, 380, 0],
		[44, "PAD3", "B", 3505, 380, 0]
	]
},
"pins": {
	"fields": ["PIN_NO", "PIN_NAME", "PIN_X", "PIN_Y", "LAYER", "PIN_TYPE", "NET_NAME", "NET_TYPE", "PAD_SHAPE", "PAD_SIZEX", "PAD_SIZEY", "HOLE_SIZE", "PAD_ANGLE"],
	"rows": [
		[1, "C1_1", 5050.36, 1248.42, "T", "DIP", "PGND", "", "C", 47.24, 47.24, 23.62, 270],
		[2, "C1_1", 5050.36, 1248.42, "B", "DIP", "PGND", "", "C", 47.24, 47.24, 23.62, 270],
		[3, "C1_2", 4969.64, 1051.58, "T", "DIP", "12V_INPUT", "", "C", 47.24, 47.24, 23.62, 270],
		[4, "C1_2", 4969.64, 1051.58, "B", "DIP", "12V_INPUT", "", "C", 47.24, 47.24, 23.62, 270],
		[5, "C2_1", 4933.42, 399.64, "T", "DIP", "PGND", "", "C", 47.24, 47.24, 23.62, 180],
		[6, "C2_1", 4933.42, 399.64, "B", "DIP", "PGND", "", "C", 47.24, 47.24, 23.62, 180],
		[7, "C2_2", 4736.58, 480.36, "T", "DIP", "$1N11382", "", "C", 47.24, 47.24, 23.62, 180],
		[8, "C2_2", 4736.58, 480.36, "B", "DIP", "$1N11382", "", "C", 47.24, 47.24, 23.62, 180],
		[9, "C3_1", 4744.64, 121.58, "T", "DIP", "PGND", "", "C", 47.24, 47.24, 23.62, 90],
		[10, "C3_1", 4744.64, 121.58, "B", "DIP", "PGND", "", "C", 47.24, 47.24, 23.62, 90],
		[11, "C3_2", 4825.36, 318.43, "T", "DIP", "5V", "", "C", 47.24, 47.24, 23.62, 90],
		[12, "C3_2", 4825.36, 318.43, "B", "DIP", "5V", "", "C", 47.24, 47.24, 23.62, 90],
		[13, "C4_1", 4565, 279.37, "T", "DIP", "5V", "", "C", 43.31, 43.31, 27.56, 270],
		[14, "C4_1", 4565, 279.37, "B", "DIP", "5V", "", "C", 43.31, 43.31, 27.56, 270],
		[15, "C4_2", 4565, 200.63, "T", "DIP", "PGND", "", "C", 43.31, 43.31, 27.56, 270],
		[16, "C4_2", 4565, 200.63, "B", "DIP", "PGND", "", "C", 43.31, 43.31, 27.56, 270],
		[17, "C5_1", 4704.64, 881.58, "T", "DIP", "PGND", "", "C", 47.24, 47.24, 23.62, 90],
		[18, "C5_1", 4704.64, 881.58, "B", "DIP", "PGND", "", "C", 47.24, 47.24, 23.62, 90],
		[19, "C5_2", 4785.36, 1078.42, "T", "DIP", "24VDC_INPUT", "", "C", 47.24, 47.24, 23.62, 90],
		[20, "C5_2", 4785.36, 1078.42, "B", "DIP", "24VDC_INPUT", "", "C", 47.24, 47.24, 23.62, 90],
		[21, "C6_1", 3323.42, 1099.64, "T", "DIP", "_BAND_A", "", "C", 47.24, 47.24, 23.62, 180],
		[22, "C6_1", 3323.42, 1099.64, "B", "DIP", "_BAND_A", "", "C", 47.24, 47.24, 23.62, 180],
		[23, "C6_2", 3126.58, 1180.36, "T", "DIP", "PGND", "", "C", 47.24, 47.24, 23.62, 180],
		[24, "C6_2", 3126.58, 1180.36, "B", "DIP", "PGND", "", "C", 47.24, 47.24, 23.62, 180],
		[25, "C7_1", 3658.42, 1099.64, "T", "DIP", "_BAND_B", "", "C", 47.24, 47.24, 23.62, 180],
		[26, "C7_1", 3658.42, 1099.64, "B", "DIP", "_BAND_B", "", "C", 47.24, 47.24, 23.62, 180],
		[27, "C7_2", 3461.58, 1180.36, "T", "DIP", "PGND", "", "C", 47.24, 47.24, 23.62, 180],
		[28, "C7_2", 3461.58, 1180.36, "B", "DIP", "PGND", "", "C", 47.24, 47.24, 23.62, 180],
		[29, "C8_1", 4028.42, 1099.64, "T", "DIP", "_BAND_C", "", "C", 47.24, 47.24, 23.62, 180],
		[30, "C8_1", 4028.42, 1099.64, "B", "DIP", "_BAND_C", "", "C", 47.24, 47.24, 23.62, 180],
		[31, "C8_2", 3831.58, 1180.36, "T", "DIP", "PGND", "", "C", 47.24, 47.24, 23.62, 180],
		[32, "C8_2", 3831.58, 1180.36, "B", "DIP", "PGND", "", "C", 47.24, 47.24, 23.62, 180],
		[33, "C9_1", 4373.42, 1089.64, "T", "DIP", "_PTT", "", "C", 47.24, 47.24, 23.62, 180],
		[34, "C9_1", 4373.42, 1089.64, "B", "DIP", "_PTT", "", "C", 47.24, 47.24, 23.62, 180],
		[35, "C9_2", 4176.58, 1170.36, "T", "DIP", "PGND", "", "C", 47.24, 47.24, 23.62, 180],
		[36, "C9_2", 4176.58, 1170.36, "B", "DIP", "PGND", "", "C", 47.24, 47.24, 23.62, 180],
		[37, "C10_1", 294.64, 236.57, "T", "DIP", "PGND", "", "C", 47.24, 47.24, 23.62, 90],
		[38, "C10_1", 294.64, 236.57, "B", "DIP", "PGND", "", "C", 47.24, 47.24, 23.62, 90],
		[39, "C10_2", 375.36, 433.43, "T", "DIP", "5V", "", "C", 47.24, 47.24, 23.62, 90],
		[40, "C10_2", 375.36, 433.43, "B", "DIP", "5V", "", "C", 47.24, 47.24, 23.62, 90],
		[41, "C11_1", 1264.64, 241.57, "T", "DIP", "PGND", "", "C", 47.24, 47.24, 23.62, 90],
		[42, "C11_1", 1264.64, 241.57, "B", "DIP", "PGND", "", "C", 47.24, 47.24, 23.62, 90],
		[43, "C11_2", 1345.36, 438.43, "T", "DIP", "5V", "", "C", 47.24, 47.24, 23.62, 90],
		[44, "C11_2", 1345.36, 438.43, "B", "DIP", "5V", "", "C", 47.24, 47.24, 23.62, 90],
		[45, "D1_1", 4683.74, 595, "T", "DIP", "$1N11382", "", "C", 70.87, 70.87, 41.34, 0],
		[46, "D1_1", 4683.74, 595, "B", "DIP", "$1N11382", "", "C", 70.87, 70.87, 41.34, 0],
		[47, "D1_2", 5026.26, 595, "T", "DIP", "$1N10187", "", "C", 70.87, 70.87, 41.34, 0],
		[48, "D1_2", 5026.26, 595, "B", "DIP", "$1N10187", "", "C", 70.87, 70.87, 41.34, 0],
		[49, "D2_1", 3300, 961.26, "T", "DIP", "_BAND_A", "", "C", 70.87, 70.87, 41.34, 270],
		[50, "D2_1", 3300, 961.26, "B", "DIP", "_BAND_A", "", "C", 70.87, 70.87, 41.34, 270],
		[51, "D2_2", 3300, 618.74, "T", "DIP", "$1N8877", "", "C", 70.87, 70.87, 41.34, 270],
		[52, "D2_2", 3300, 618.74, "B", "DIP", "$1N8877", "", "C", 70.87, 70.87, 41.34, 270],
		[53, "D3_1", 3655, 961.26, "T", "DIP", "_BAND_B", "", "C", 70.87, 70.87, 41.34, 270],
		[54, "D3_1", 3655, 961.26, "B", "DIP", "_BAND_B", "", "C", 70.87, 70.87, 41.34, 270],
		[55, "D3_2", 3655, 618.74, "T", "DIP", "$1N9980", "", "C", 70.87, 70.87, 41.34, 270],
		[56, "D3_2", 3655, 618.74, "B", "DIP", "$1N9980", "", "C", 70.87, 70.87, 41.34, 270],
		[57, "D4_1", 4025, 961.26, "T", "DIP", "_BAND_C", "", "C", 70.87, 70.87, 41.34, 270],
		[58, "D4_1", 4025, 961.26, "B", "DIP", "_BAND_C", "", "C", 70.87, 70.87, 41.34, 270],
		[59, "D4_2", 4025, 618.74, "T", "DIP", "$1N9988", "", "C", 70.87, 70.87, 41.34, 270],
		[60, "D4_2", 4025, 618.74, "B", "DIP", "$1N9988", "", "C", 70.87, 70.87, 41.34, 270],
		[61, "D5_1", 4375, 966.26, "T", "DIP", "_PTT", "", "C", 70.87, 70.87, 41.34, 270],
		[62, "D5_1", 4375, 966.26, "B", "DIP", "_PTT", "", "C", 70.87, 70.87, 41.34, 270],
		[63, "D5_2", 4375, 623.74, "T", "DIP", "$1N9994", "", "C", 70.87, 70.87, 41.34, 270],
		[64, "D5_2", 4375, 623.74, "B", "DIP", "$1N9994", "", "C", 70.87, 70.87, 41.34, 270],
		[65, "DC2_1", 5317.52, 1022.96, "T", "DIP", "12V_INPUT", "", "O", 59.05, 137.79, 118.11, 270],
		[66, "DC2_1", 5317.52, 1022.96, "B", "DIP", "12V_INPUT", "", "O", 59.05, 137.79, 118.11, 270],
		[67, "DC2_2", 5317.52, 1267.05, "T", "DIP", "PGND", "", "O", 59.05, 137.79, 118.11, 270],
		[68, "DC2_2", 5317.52, 1267.05, "B", "DIP", "PGND", "", "O", 59.05, 137.79, 118.11, 270],
		[69, "DC2_3", 5132.48, 1141.07, "T", "DIP", "DC2_3", "", "O", 137.79, 59.05, 118.11, 270],
		[70, "DC2_3", 5132.48, 1141.07, "B", "DIP", "DC2_3", "", "O", 137.79, 59.05, 118.11, 270],
		[71, "F1_1", 4570, 990, "T", "DIP", "12V_INPUT", "", "C", 78.74, 78.74, 47.24, 270],
		[72, "F1_1", 4570, 990, "B", "DIP", "12V_INPUT", "", "C", 78.74, 78.74, 47.24, 270],
		[73, "F1_2", 4570, 790, "T", "DIP", "12VDC", "", "C", 78.74, 78.74, 47.24, 270],
		[74, "F1_2", 4570, 790, "B", "DIP", "12VDC", "", "C", 78.74, 78.74, 47.24, 270],
		[75, "F2_1", 4630, 1180, "T", "DIP", "24VDC_INPUT", "", "C", 78.74, 78.74, 47.24, 0],
		[76, "F2_1", 4630, 1180, "B", "DIP", "24VDC_INPUT", "", "C", 78.74, 78.74, 47.24, 0],
		[77, "F2_2", 4830, 1180, "T", "DIP", "24VDC", "", "C", 78.74, 78.74, 47.24, 0],
		[78, "F2_2", 4830, 1180, "B", "DIP", "24VDC", "", "C", 78.74, 78.74, 47.24, 0],
		[79, "J1_1", 4890, 790, "T", "DIP", "24VDC_INPUT", "", "R", 66.93, 66.93, 43.31, 90],
		[80, "J1_1", 4890, 790, "B", "DIP", "24VDC_INPUT", "", "R", 66.93, 66.93, 43.31, 90],
		[81, "J1_2", 4890, 890, "T", "DIP", "$1N10187", "", "C", 66.93, 66.93, 43.31, 90],
		[82, "J1_2", 4890, 890, "B", "DIP", "$1N10187", "", "C", 66.93, 66.93, 43.31, 90],
		[83, "J1_3", 4890, 990, "T", "DIP", "12V_INPUT", "", "C", 66.93, 66.93, 43.31, 90],
		[84, "J1_3", 4890, 990, "B", "DIP", "12V_INPUT", "", "C", 66.93, 66.93, 43.31, 90],
		[85, "J2_1", 3852.7, 1440, "T", "DIP", "PGND", "", "C", 86.61, 86.61, 59.06, 0],
		[86, "J2_1", 3852.7, 1440, "B", "DIP", "PGND", "", "C", 86.61, 86.61, 59.06, 0],
		[87, "J2_2", 3990.5, 1440, "T", "DIP", "PGND", "", "C", 86.61, 86.61, 59.06, 0],
		[88, "J2_2", 3990.5, 1440, "B", "DIP", "PGND", "", "C", 86.61, 86.61, 59.06, 0],
		[89, "J2_3", 4128.3, 1440, "T", "DIP", "12V_INPUT", "", "C", 86.61, 86.61, 59.06, 0],
		[90, "J2_3", 4128.3, 1440, "B", "DIP", "12V_INPUT", "", "C", 86.61, 86.61, 59.06, 0],
		[91, "J2_4", 4266.1, 1440, "T", "DIP", "24VDC_INPUT", "", "C", 86.61, 86.61, 59.06, 0],
		[92, "J2_4", 4266.1, 1440, "B", "DIP", "24VDC_INPUT", "", "C", 86.61, 86.61, 59.06, 0],
		[93, "J2_5", 4403.9, 1440, "T", "DIP", "_BAND_A", "", "C", 86.61, 86.61, 59.06, 0],
		[94, "J2_5", 4403.9, 1440, "B", "DIP", "_BAND_A", "", "C", 86.61, 86.61, 59.06, 0],
		[95, "J2_6", 4541.7, 1440, "T", "DIP", "_BAND_B", "", "C", 86.61, 86.61, 59.06, 0],
		[96, "J2_6", 4541.7, 1440, "B", "DIP", "_BAND_B", "", "C", 86.61, 86.61, 59.06, 0],
		[97, "J2_7", 4679.5, 1440, "T", "DIP", "_BAND_C", "", "C", 86.61, 86.61, 59.06, 0],
		[98, "J2_7", 4679.5, 1440, "B", "DIP", "_BAND_C", "", "C", 86.61, 86.61, 59.06, 0],
		[99, "J2_8", 4817.3, 1440, "T", "DIP", "_PTT", "", "C", 86.61, 86.61, 59.06, 0],
		[100, "J2_8", 4817.3, 1440, "B", "DIP", "_PTT", "", "C", 86.61, 86.61, 59.06, 0],
		[101, "J3_1", 244.9, 1445, "T", "DIP", "12VDC", "", "C", 86.61, 86.61, 59.06, 0],
		[102, "J3_1", 244.9, 1445, "B", "DIP", "12VDC", "", "C", 86.61, 86.61, 59.06, 0],
		[103, "J3_2", 382.7, 1445, "T", "DIP", "PGND", "", "C", 86.61, 86.61, 59.06, 0],
		[104, "J3_2", 382.7, 1445, "B", "DIP", "PGND", "", "C", 86.61, 86.61, 59.06, 0],
		[105, "J3_3", 520.5, 1445, "T", "DIP", "BAND_144", "", "C", 86.61, 86.61, 59.06, 0],
		[106, "J3_3", 520.5, 1445, "B", "DIP", "BAND_144", "", "C", 86.61, 86.61, 59.06, 0],
		[107, "J3_4", 658.3, 1445, "T", "DIP", "BAND_430", "", "C", 86.61, 86.61, 59.06, 0],
		[108, "J3_4", 658.3, 1445, "B", "DIP", "BAND_430", "", "C", 86.61, 86.61, 59.06, 0],
		[109, "J3_5", 796.1, 1445, "T", "DIP", "BAND_1200", "", "C", 86.61, 86.61, 59.06, 0],
		[110, "J3_5", 796.1, 1445, "B", "DIP", "BAND_1200", "", "C", 86.61, 86.61, 59.06, 0],
		[111, "J3_6", 933.9, 1445, "T", "DIP", "BAND_2300", "", "C", 86.61, 86.61, 59.06, 0],
		[112, "J3_6", 933.9, 1445, "B", "DIP", "BAND_2300", "", "C", 86.61, 86.61, 59.06, 0],
		[113, "J3_7", 1071.7, 1445, "T", "DIP", "BAND_5600", "", "C", 86.61, 86.61, 59.06, 0],
		[114, "J3_7", 1071.7, 1445, "B", "DIP", "BAND_5600", "", "C", 86.61, 86.61, 59.06, 0],
		[115, "J3_8", 1209.5, 1445, "T", "DIP", "BAND_10G", "", "C", 86.61, 86.61, 59.06, 0],
		[116, "J3_8", 1209.5, 1445, "B", "DIP", "BAND_10G", "", "C", 86.61, 86.61, 59.06, 0],
		[117, "J3_9", 1347.3, 1445, "T", "DIP", "BAND_AUX1", "", "C", 86.61, 86.61, 59.06, 0],
		[118, "J3_9", 1347.3, 1445, "B", "DIP", "BAND_AUX1", "", "C", 86.61, 86.61, 59.06, 0],
		[119, "J3_10", 1485.1, 1445, "T", "DIP", "BAND_AUX2", "", "C", 86.61, 86.61, 59.06, 0],
		[120, "J3_10", 1485.1, 1445, "B", "DIP", "BAND_AUX2", "", "C", 86.61, 86.61, 59.06, 0],
		[121, "J4_1", 2049.9, 1445, "T", "DIP", "24VDC", "", "C", 86.61, 86.61, 59.06, 0],
		[122, "J4_1", 2049.9, 1445, "B", "DIP", "24VDC", "", "C", 86.61, 86.61, 59.06, 0],
		[123, "J4_2", 2187.7, 1445, "T", "DIP", "PGND", "", "C", 86.61, 86.61, 59.06, 0],
		[124, "J4_2", 2187.7, 1445, "B", "DIP", "PGND", "", "C", 86.61, 86.61, 59.06, 0],
		[125, "J4_3", 2325.5, 1445, "T", "DIP", "PTT_144", "", "C", 86.61, 86.61, 59.06, 0],
		[126, "J4_3", 2325.5, 1445, "B", "DIP", "PTT_144", "", "C", 86.61, 86.61, 59.06, 0],
		[127, "J4_4", 2463.3, 1445, "T", "DIP", "PTT_430", "", "C", 86.61, 86.61, 59.06, 0],
		[128, "J4_4", 2463.3, 1445, "B", "DIP", "PTT_430", "", "C", 86.61, 86.61, 59.06, 0],
		[129, "J4_5", 2601.1, 1445, "T", "DIP", "PTT_1200", "", "C", 86.61, 86.61, 59.06, 0],
		[130, "J4_5", 2601.1, 1445, "B", "DIP", "PTT_1200", "", "C", 86.61, 86.61, 59.06, 0],
		[131, "J4_6", 2738.9, 1445, "T", "DIP", "PTT_2300", "", "C", 86.61, 86.61, 59.06, 0],
		[132, "J4_6", 2738.9, 1445, "B", "DIP", "PTT_2300", "", "C", 86.61, 86.61, 59.06, 0],
		[133, "J4_7", 2876.7, 1445, "T", "DIP", "PTT_5600", "", "C", 86.61, 86.61, 59.06, 0],
		[134, "J4_7", 2876.7, 1445, "B", "DIP", "PTT_5600", "", "C", 86.61, 86.61, 59.06, 0],
		[135, "J4_8", 3014.5, 1445, "T", "DIP", "PTT_10G", "", "C", 86.61, 86.61, 59.06, 0],
		[136, "J4_8", 3014.5, 1445, "B", "DIP", "PTT_10G", "", "C", 86.61, 86.61, 59.06, 0],
		[137, "J4_9", 3152.3, 1445, "T", "DIP", "PTT_AUX1", "", "C", 86.61, 86.61, 59.06, 0],
		[138, "J4_9", 3152.3, 1445, "B", "DIP", "PTT_AUX1", "", "C", 86.61, 86.61, 59.06, 0],
		[139, "J4_10", 3290.1, 1445, "T", "DIP", "PTT_AUX2", "", "C", 86.61, 86.61, 59.06, 0],
		[140, "J4_10", 3290.1, 1445, "B", "DIP", "PTT_AUX2", "", "C", 86.61, 86.61, 59.06, 0],
		[141, "J5_1", 1865, 870, "T", "DIP", "24VDC", "", "R", 66.93, 66.93, 43.31, 90],
		[142, "J5_1", 1865, 870, "B", "DIP", "24VDC", "", "R", 66.93, 66.93, 43.31, 90],
		[143, "J5_2", 1865, 970, "T", "DIP", "$1N11779", "", "C", 66.93, 66.93, 43.31, 90],
		[144, "J5_2", 1865, 970, "B", "DIP", "$1N11779", "", "C", 66.93, 66.93, 43.31, 90],
		[145, "J5_3", 1865, 1070, "T", "DIP", "12VDC", "", "C", 66.93, 66.93, 43.31, 90],
		[146, "J5_3", 1865, 1070, "B", "DIP", "12VDC", "", "C", 66.93, 66.93, 43.31, 90],
		[147, "J6_1", 1620, 870, "T", "DIP", "24VDC", "", "R", 66.93, 66.93, 43.31, 90],
		[148, "J6_1", 1620, 870, "B", "DIP", "24VDC", "", "R", 66.93, 66.93, 43.31, 90],
		[149, "J6_2", 1620, 970, "T", "DIP", "$1N11773", "", "C", 66.93, 66.93, 43.31, 90],
		[150, "J6_2", 1620, 970, "B", "DIP", "$1N11773", "", "C", 66.93, 66.93, 43.31, 90],
		[151, "J6_3", 1620, 1070, "T", "DIP", "12VDC", "", "C", 66.93, 66.93, 43.31, 90],
		[152, "J6_3", 1620, 1070, "B", "DIP", "12VDC", "", "C", 66.93, 66.93, 43.31, 90],
		[153, "Power_ON_1", 5200, 460, "T", "DIP", "$1N11938", "", "C", 60, 60, 35.43, 180],
		[154, "Power_ON_1", 5200, 460, "B", "DIP", "$1N11938", "", "C", 60, 60, 35.43, 180],
		[155, "Power_ON_2", 5100, 460, "T", "DIP", "PGND", "", "C", 60, 60, 35.43, 180],
		[156, "Power_ON_2", 5100, 460, "B", "DIP", "PGND", "", "C", 60, 60, 35.43, 180],
		[157, "R1_1", 3125, 1012.76, "T", "DIP", "_BAND_A", "", "C", 60, 60, 39.37, 270],
		[158, "R1_1", 3125, 1012.76, "B", "DIP", "_BAND_A", "", "C", 60, 60, 39.37, 270],
		[159, "R1_2", 3125, 607.24, "T", "DIP", "$1N824", "", "C", 60, 60, 39.37, 270],
		[160, "R1_2", 3125, 607.24, "B", "DIP", "$1N824", "", "C", 60, 60, 39.37, 270],
		[161, "R2_1", 3470, 1012.76, "T", "DIP", "_BAND_B", "", "C", 60, 60, 39.37, 270],
		[162, "R2_1", 3470, 1012.76, "B", "DIP", "_BAND_B", "", "C", 60, 60, 39.37, 270],
		[163, "R2_2", 3470, 607.24, "T", "DIP", "$1N8315", "", "C", 60, 60, 39.37, 270],
		[164, "R2_2", 3470, 607.24, "B", "DIP", "$1N8315", "", "C", 60, 60, 39.37, 270],
		[165, "R3_1", 4205, 1017.76, "T", "DIP", "_PTT", "", "C", 60, 60, 39.37, 270],
		[166, "R3_1", 4205, 1017.76, "B", "DIP", "_PTT", "", "C", 60, 60, 39.37, 270],
		[167, "R3_2", 4205, 612.24, "T", "DIP", "$1N9660", "", "C", 60, 60, 39.37, 270],
		[168, "R3_2", 4205, 612.24, "B", "DIP", "$1N9660", "", "C", 60, 60, 39.37, 270],
		[169, "R4_1", 3840, 1012.76, "T", "DIP", "_BAND_C", "", "C", 60, 60, 39.37, 270],
		[170, "R4_1", 3840, 1012.76, "B", "DIP", "_BAND_C", "", "C", 60, 60, 39.37, 270],
		[171, "R4_2", 3840, 607.24, "T", "DIP", "$1N11394", "", "C", 60, 60, 39.37, 270],
		[172, "R4_2", 3840, 607.24, "B", "DIP", "$1N11394", "", "C", 60, 60, 39.37, 270],
		[173, "R5_1", 5385, 162.24, "T", "DIP", "5V", "", "C", 60, 60, 39.37, 90],
		[174, "R5_1", 5385, 162.24, "B", "DIP", "5V", "", "C", 60, 60, 39.37, 90],
		[175, "R5_2", 5385, 567.76, "T", "DIP", "$1N11938", "", "C", 60, 60, 39.37, 90],
		[176, "R5_2", 5385, 567.76, "B", "DIP", "$1N11938", "", "C", 60, 60, 39.37, 90],
		[177, "RN1_1", 3500, 140, "T", "DIP", "5V", "", "R", 62.99, 62.99, 39.37, 0],
		[178, "RN1_1", 3500, 140, "B", "DIP", "5V", "", "R", 62.99, 62.99, 39.37, 0],
		[179, "RN1_2", 3600, 140, "T", "DIP", "$1N14352", "", "C", 62.99, 62.99, 39.37, 0],
		[180, "RN1_2", 3600, 140, "B", "DIP", "$1N14352", "", "C", 62.99, 62.99, 39.37, 0],
		[181, "RN1_3", 3700, 140, "T", "DIP", "$1N14376", "", "C", 62.99, 62.99, 39.37, 0],
		[182, "RN1_3", 3700, 140, "B", "DIP", "$1N14376", "", "C", 62.99, 62.99, 39.37, 0],
		[183, "RN1_4", 3800, 140, "T", "DIP", "$1N14370", "", "C", 62.99, 62.99, 39.37, 0],
		[184, "RN1_4", 3800, 140, "B", "DIP", "$1N14370", "", "C", 62.99, 62.99, 39.37, 0],
		[185, "RN1_5", 3900, 140, "T", "DIP", "$1N3347", "", "C", 62.99, 62.99, 39.37, 0],
		[186, "RN1_5", 3900, 140, "B", "DIP", "$1N3347", "", "C", 62.99, 62.99, 39.37, 0],
		[187, "RN1_6", 4000, 140, "T", "DIP", "$1N8877", "", "C", 62.99, 62.99, 39.37, 0],
		[188, "RN1_6", 4000, 140, "B", "DIP", "$1N8877", "", "C", 62.99, 62.99, 39.37, 0],
		[189, "RN1_7", 4100, 140, "T", "DIP", "$1N9980", "", "C", 62.99, 62.99, 39.37, 0],
		[190, "RN1_7", 4100, 140, "B", "DIP", "$1N9980", "", "C", 62.99, 62.99, 39.37, 0],
		[191, "RN1_8", 4200, 140, "T", "DIP", "$1N9988", "", "C", 62.99, 62.99, 39.37, 0],
		[192, "RN1_8", 4200, 140, "B", "DIP", "$1N9988", "", "C", 62.99, 62.99, 39.37, 0],
		[193, "RN1_9", 4300, 140, "T", "DIP", "$1N9994", "", "C", 62.99, 62.99, 39.37, 0],
		[194, "RN1_9", 4300, 140, "B", "DIP", "$1N9994", "", "C", 62.99, 62.99, 39.37, 0],
		[195, "U1_1", 3150, 490, "T", "DIP", "$1N824", "", "R", 62.99, 62.99, 39.37, 270],
		[196, "U1_1", 3150, 490, "B", "DIP", "$1N824", "", "R", 62.99, 62.99, 39.37, 270],
		[197, "U1_2", 3050, 490, "T", "DIP", "$1N8315", "", "C", 62.99, 62.99, 39.37, 270],
		[198, "U1_2", 3050, 490, "B", "DIP", "$1N8315", "", "C", 62.99, 62.99, 39.37, 270],
		[199, "U1_3", 2950, 490, "T", "DIP", "$1N11394", "", "C", 62.99, 62.99, 39.37, 270],
		[200, "U1_3", 2950, 490, "B", "DIP", "$1N11394", "", "C", 62.99, 62.99, 39.37, 270],
		[201, "U1_4", 2850, 490, "T", "DIP", "$1N9660", "", "C", 62.99, 62.99, 39.37, 270],
		[202, "U1_4", 2850, 490, "B", "DIP", "$1N9660", "", "C", 62.99, 62.99, 39.37, 270],
		[203, "U1_5", 2750, 490, "T", "DIP", "PGND", "", "C", 62.99, 62.99, 39.37, 270],
		[204, "U1_5", 2750, 490, "B", "DIP", "PGND", "", "C", 62.99, 62.99, 39.37, 270],
		[205, "U1_6", 2650, 490, "T", "DIP", "PGND", "", "C", 62.99, 62.99, 39.37, 270],
		[206, "U1_6", 2650, 490, "B", "DIP", "PGND", "", "C", 62.99, 62.99, 39.37, 270],
		[207, "U1_7", 2550, 490, "T", "DIP", "PGND", "", "C", 62.99, 62.99, 39.37, 270],
		[208, "U1_7", 2550, 490, "B", "DIP", "PGND", "", "C", 62.99, 62.99, 39.37, 270],
		[209, "U1_8", 2450, 490, "T", "DIP", "PGND", "", "C", 62.99, 62.99, 39.37, 270],
		[210, "U1_8", 2450, 490, "B", "DIP", "PGND", "", "C", 62.99, 62.99, 39.37, 270],
		[211, "U1_9", 2350, 490, "T", "DIP", "PGND", "", "C", 62.99, 62.99, 39.37, 270],
		[212, "U1_9", 2350, 490, "B", "DIP", "PGND", "", "C", 62.99, 62.99, 39.37, 270],
		[213, "U1_10", 2350, 190, "T", "DIP", "U1_10", "", "C", 62.99, 62.99, 39.37, 270],
		[214, "U1_10", 2350, 190, "B", "DIP", "U1_10", "", "C", 62.99, 62.99, 39.37, 270],
		[215, "U1_11", 2450, 190, "T", "DIP", "U1_11", "", "C", 62.99, 62.99, 39.37, 270],
		[216, "U1_11", 2450, 190, "B", "DIP", "U1_11", "", "C", 62.99, 62.99, 39.37, 270],
		[217, "U1_12", 2550, 190, "T", "DIP", "U1_12", "", "C", 62.99, 62.99, 39.37, 270],
		[218, "U1_12", 2550, 190, "B", "DIP", "U1_12", "", "C", 62.99, 62.99, 39.37, 270],
		[219, "U1_13", 2650, 190, "T", "DIP", "U1_13", "", "C", 62.99, 62.99, 39.37, 270],
		[220, "U1_13", 2650, 190, "B", "DIP", "U1_13", "", "C", 62.99, 62.99, 39.37, 270],
		[221, "U1_14", 2750, 190, "T", "DIP", "U1_14", "", "C", 62.99, 62.99, 39.37, 270],
		[222, "U1_14", 2750, 190, "B", "DIP", "U1_14", "", "C", 62.99, 62.99, 39.37, 270],
		[223, "U1_15", 2850, 190, "T", "DIP", "$1N3347", "", "C", 62.99, 62.99, 39.37, 270],
		[224, "U1_15", 2850, 190, "B", "DIP", "$1N3347", "", "C", 62.99, 62.99, 39.37, 270],
		[225, "U1_16", 2950, 190, "T", "DIP", "$1N14370", "", "C", 62.99, 62.99, 39.37, 270],
		[226, "U1_16", 2950, 190, "B", "DIP", "$1N14370", "", "C", 62.99, 62.99, 39.37, 270],
		[227, "U1_17", 3050, 190, "T", "DIP", "$1N14376", "", "C", 62.99, 62.99, 39.37, 270],
		[228, "U1_17", 3050, 190, "B", "DIP", "$1N14376", "", "C", 62.99, 62.99, 39.37, 270],
		[229, "U1_18", 3150, 190, "T", "DIP", "$1N14352", "", "C", 62.99, 62.99, 39.37, 270],
		[230, "U1_18", 3150, 190, "B", "DIP", "$1N14352", "", "C", 62.99, 62.99, 39.37, 270],
		[231, "U2_1", 2105, 800, "T", "DIP", "$1N3270", "", "R", 62.99, 62.99, 39.37, 90],
		[232, "U2_1", 2105, 800, "B", "DIP", "$1N3270", "", "R", 62.99, 62.99, 39.37, 90],
		[233, "U2_2", 2205, 800, "T", "DIP", "$1N3278", "", "C", 62.99, 62.99, 39.37, 90],
		[234, "U2_2", 2205, 800, "B", "DIP", "$1N3278", "", "C", 62.99, 62.99, 39.37, 90],
		[235, "U2_3", 2305, 800, "T", "DIP", "$1N3294", "", "C", 62.99, 62.99, 39.37, 90],
		[236, "U2_3", 2305, 800, "B", "DIP", "$1N3294", "", "C", 62.99, 62.99, 39.37, 90],
		[237, "U2_4", 2405, 800, "T", "DIP", "$1N3297", "", "C", 62.99, 62.99, 39.37, 90],
		[238, "U2_4", 2405, 800, "B", "DIP", "$1N3297", "", "C", 62.99, 62.99, 39.37, 90],
		[239, "U2_5", 2505, 800, "T", "DIP", "$1N3301", "", "C", 62.99, 62.99, 39.37, 90],
		[240, "U2_5", 2505, 800, "B", "DIP", "$1N3301", "", "C", 62.99, 62.99, 39.37, 90],
		[241, "U2_6", 2605, 800, "T", "DIP", "$1N3309", "", "C", 62.99, 62.99, 39.37, 90],
		[242, "U2_6", 2605, 800, "B", "DIP", "$1N3309", "", "C", 62.99, 62.99, 39.37, 90],
		[243, "U2_7", 2705, 800, "T", "DIP", "$1N7028", "", "C", 62.99, 62.99, 39.37, 90],
		[244, "U2_7", 2705, 800, "B", "DIP", "$1N7028", "", "C", 62.99, 62.99, 39.37, 90],
		[245, "U2_8", 2805, 800, "T", "DIP", "$1N5717", "", "C", 62.99, 62.99, 39.37, 90],
		[246, "U2_8", 2805, 800, "B", "DIP", "$1N5717", "", "C", 62.99, 62.99, 39.37, 90],
		[247, "U2_9", 2905, 800, "T", "DIP", "PGND", "", "C", 62.99, 62.99, 39.37, 90],
		[248, "U2_9", 2905, 800, "B", "DIP", "PGND", "", "C", 62.99, 62.99, 39.37, 90],
		[249, "U2_10", 2905, 1100, "T", "DIP", "$1N11779", "", "C", 62.99, 62.99, 39.37, 90],
		[250, "U2_10", 2905, 1100, "B", "DIP", "$1N11779", "", "C", 62.99, 62.99, 39.37, 90],
		[251, "U2_11", 2805, 1100, "T", "DIP", "PTT_AUX2", "", "C", 62.99, 62.99, 39.37, 90],
		[252, "U2_11", 2805, 1100, "B", "DIP", "PTT_AUX2", "", "C", 62.99, 62.99, 39.37, 90],
		[253, "U2_12", 2705, 1100, "T", "DIP", "PTT_AUX1", "", "C", 62.99, 62.99, 39.37, 90],
		[254, "U2_12", 2705, 1100, "B", "DIP", "PTT_AUX1", "", "C", 62.99, 62.99, 39.37, 90],
		[255, "U2_13", 2605, 1100, "T", "DIP", "PTT_10G", "", "C", 62.99, 62.99, 39.37, 90],
		[256, "U2_13", 2605, 1100, "B", "DIP", "PTT_10G", "", "C", 62.99, 62.99, 39.37, 90],
		[257, "U2_14", 2505, 1100, "T", "DIP", "PTT_5600", "", "C", 62.99, 62.99, 39.37, 90],
		[258, "U2_14", 2505, 1100, "B", "DIP", "PTT_5600", "", "C", 62.99, 62.99, 39.37, 90],
		[259, "U2_15", 2405, 1100, "T", "DIP", "PTT_2300", "", "C", 62.99, 62.99, 39.37, 90],
		[260, "U2_15", 2405, 1100, "B", "DIP", "PTT_2300", "", "C", 62.99, 62.99, 39.37, 90],
		[261, "U2_16", 2305, 1100, "T", "DIP", "PTT_1200", "", "C", 62.99, 62.99, 39.37, 90],
		[262, "U2_16", 2305, 1100, "B", "DIP", "PTT_1200", "", "C", 62.99, 62.99, 39.37, 90],
		[263, "U2_17", 2205, 1100, "T", "DIP", "PTT_430", "", "C", 62.99, 62.99, 39.37, 90],
		[264, "U2_17", 2205, 1100, "B", "DIP", "PTT_430", "", "C", 62.99, 62.99, 39.37, 90],
		[265, "U2_18", 2105, 1100, "T", "DIP", "PTT_144", "", "C", 62.99, 62.99, 39.37, 90],
		[266, "U2_18", 2105, 1100, "B", "DIP", "PTT_144", "", "C", 62.99, 62.99, 39.37, 90],
		[267, "U3_1", 580, 800, "T", "DIP", "$1N1607", "", "R", 62.99, 62.99, 39.37, 90],
		[268, "U3_1", 580, 800, "B", "DIP", "$1N1607", "", "R", 62.99, 62.99, 39.37, 90],
		[269, "U3_2", 680, 800, "T", "DIP", "$1N1605", "", "C", 62.99, 62.99, 39.37, 90],
		[270, "U3_2", 680, 800, "B", "DIP", "$1N1605", "", "C", 62.99, 62.99, 39.37, 90],
		[271, "U3_3", 780, 800, "T", "DIP", "$1N1603", "", "C", 62.99, 62.99, 39.37, 90],
		[272, "U3_3", 780, 800, "B", "DIP", "$1N1603", "", "C", 62.99, 62.99, 39.37, 90],
		[273, "U3_4", 880, 800, "T", "DIP", "$1N2332", "", "C", 62.99, 62.99, 39.37, 90],
		[274, "U3_4", 880, 800, "B", "DIP", "$1N2332", "", "C", 62.99, 62.99, 39.37, 90],
		[275, "U3_5", 980, 800, "T", "DIP", "$1N2337", "", "C", 62.99, 62.99, 39.37, 90],
		[276, "U3_5", 980, 800, "B", "DIP", "$1N2337", "", "C", 62.99, 62.99, 39.37, 90],
		[277, "U3_6", 1080, 800, "T", "DIP", "$1N2372", "", "C", 62.99, 62.99, 39.37, 90],
		[278, "U3_6", 1080, 800, "B", "DIP", "$1N2372", "", "C", 62.99, 62.99, 39.37, 90],
		[279, "U3_7", 1180, 800, "T", "DIP", "$1N2397", "", "C", 62.99, 62.99, 39.37, 90],
		[280, "U3_7", 1180, 800, "B", "DIP", "$1N2397", "", "C", 62.99, 62.99, 39.37, 90],
		[281, "U3_8", 1280, 800, "T", "DIP", "$1N7254", "", "C", 62.99, 62.99, 39.37, 90],
		[282, "U3_8", 1280, 800, "B", "DIP", "$1N7254", "", "C", 62.99, 62.99, 39.37, 90],
		[283, "U3_9", 1380, 800, "T", "DIP", "PGND", "", "C", 62.99, 62.99, 39.37, 90],
		[284, "U3_9", 1380, 800, "B", "DIP", "PGND", "", "C", 62.99, 62.99, 39.37, 90],
		[285, "U3_10", 1380, 1100, "T", "DIP", "$1N11773", "", "C", 62.99, 62.99, 39.37, 90],
		[286, "U3_10", 1380, 1100, "B", "DIP", "$1N11773", "", "C", 62.99, 62.99, 39.37, 90],
		[287, "U3_11", 1280, 1100, "T", "DIP", "BAND_AUX2", "", "C", 62.99, 62.99, 39.37, 90],
		[288, "U3_11", 1280, 1100, "B", "DIP", "BAND_AUX2", "", "C", 62.99, 62.99, 39.37, 90],
		[289, "U3_12", 1180, 1100, "T", "DIP", "BAND_AUX1", "", "C", 62.99, 62.99, 39.37, 90],
		[290, "U3_12", 1180, 1100, "B", "DIP", "BAND_AUX1", "", "C", 62.99, 62.99, 39.37, 90],
		[291, "U3_13", 1080, 1100, "T", "DIP", "BAND_10G", "", "C", 62.99, 62.99, 39.37, 90],
		[292, "U3_13", 1080, 1100, "B", "DIP", "BAND_10G", "", "C", 62.99, 62.99, 39.37, 90],
		[293, "U3_14", 980, 1100, "T", "DIP", "BAND_5600", "", "C", 62.99, 62.99, 39.37, 90],
		[294, "U3_14", 980, 1100, "B", "DIP", "BAND_5600", "", "C", 62.99, 62.99, 39.37, 90],
		[295, "U3_15", 880, 1100, "T", "DIP", "BAND_2300", "", "C", 62.99, 62.99, 39.37, 90],
		[296, "U3_15", 880, 1100, "B", "DIP", "BAND_2300", "", "C", 62.99, 62.99, 39.37, 90],
		[297, "U3_16", 780, 1100, "T", "DIP", "BAND_1200", "", "C", 62.99, 62.99, 39.37, 90],
		[298, "U3_16", 780, 1100, "B", "DIP", "BAND_1200", "", "C", 62.99, 62.99, 39.37, 90],
		[299, "U3_17", 680, 1100, "T", "DIP", "BAND_430", "", "C", 62.99, 62.99, 39.37, 90],
		[300, "U3_17", 680, 1100, "B", "DIP", "BAND_430", "", "C", 62.99, 62.99, 39.37, 90],
		[301, "U3_18", 580, 1100, "T", "DIP", "BAND_144", "", "C", 62.99, 62.99, 39.37, 90],
		[302, "U3_18", 580, 1100, "B", "DIP", "BAND_144", "", "C", 62.99, 62.99, 39.37, 90],
		[303, "U4_1", 480, 178.7, "T", "DIP", "$1N14352", "", "R", 66.93, 66.93, 39.37, 90],
		[304, "U4_1", 480, 178.7, "B", "DIP", "$1N14352", "", "R", 66.93, 66.93, 39.37, 90],
		[305, "U4_2", 580, 178.7, "T", "DIP", "$1N14376", "", "C", 66.93, 66.93, 39.37, 90],
		[306, "U4_2", 580, 178.7, "B", "DIP", "$1N14376", "", "C", 66.93, 66.93, 39.37, 90],
		[307, "U4_3", 680, 178.7, "T", "DIP", "$1N14370", "", "C", 66.93, 66.93, 39.37, 90],
		[308, "U4_3", 680, 178.7, "B", "DIP", "$1N14370", "", "C", 66.93, 66.93, 39.37, 90],
		[309, "U4_4", 780, 178.7, "T", "DIP", "PGND", "", "C", 66.93, 66.93, 39.37, 90],
		[310, "U4_4", 780, 178.7, "B", "DIP", "PGND", "", "C", 66.93, 66.93, 39.37, 90],
		[311, "U4_5", 880, 178.7, "T", "DIP", "PGND", "", "C", 66.93, 66.93, 39.37, 90],
		[312, "U4_5", 880, 178.7, "B", "DIP", "PGND", "", "C", 66.93, 66.93, 39.37, 90],
		[313, "U4_6", 980, 178.7, "T", "DIP", "5V", "", "C", 66.93, 66.93, 39.37, 90],
		[314, "U4_6", 980, 178.7, "B", "DIP", "5V", "", "C", 66.93, 66.93, 39.37, 90],
		[315, "U4_7", 1080, 178.7, "T", "DIP", "$1N7254", "", "C", 66.93, 66.93, 39.37, 90],
		[316, "U4_7", 1080, 178.7, "B", "DIP", "$1N7254", "", "C", 66.93, 66.93, 39.37, 90],
		[317, "U4_8", 1180, 178.7, "T", "DIP", "PGND", "", "C", 66.93, 66.93, 39.37, 90],
		[318, "U4_8", 1180, 178.7, "B", "DIP", "PGND", "", "C", 66.93, 66.93, 39.37, 90],
		[319, "U4_9", 1180, 491.3, "T", "DIP", "$1N2397", "", "C", 66.93, 66.93, 39.37, 90],
		[320, "U4_9", 1180, 491.3, "B", "DIP", "$1N2397", "", "C", 66.93, 66.93, 39.37, 90],
		[321, "U4_10", 1080, 491.3, "T", "DIP", "$1N2372", "", "C", 66.93, 66.93, 39.37, 90],
		[322, "U4_10", 1080, 491.3, "B", "DIP", "$1N2372", "", "C", 66.93, 66.93, 39.37, 90],
		[323, "U4_11", 980, 491.3, "T", "DIP", "$1N2337", "", "C", 66.93, 66.93, 39.37, 90],
		[324, "U4_11", 980, 491.3, "B", "DIP", "$1N2337", "", "C", 66.93, 66.93, 39.37, 90],
		[325, "U4_12", 880, 491.3, "T", "DIP", "$1N2332", "", "C", 66.93, 66.93, 39.37, 90],
		[326, "U4_12", 880, 491.3, "B", "DIP", "$1N2332", "", "C", 66.93, 66.93, 39.37, 90],
		[327, "U4_13", 780, 491.3, "T", "DIP", "$1N1603", "", "C", 66.93, 66.93, 39.37, 90],
		[328, "U4_13", 780, 491.3, "B", "DIP", "$1N1603", "", "C", 66.93, 66.93, 39.37, 90],
		[329, "U4_14", 680, 491.3, "T", "DIP", "$1N1605", "", "C", 66.93, 66.93, 39.37, 90],
		[330, "U4_14", 680, 491.3, "B", "DIP", "$1N1605", "", "C", 66.93, 66.93, 39.37, 90],
		[331, "U4_15", 580, 491.3, "T", "DIP", "$1N1607", "", "C", 66.93, 66.93, 39.37, 90],
		[332, "U4_15", 580, 491.3, "B", "DIP", "$1N1607", "", "C", 66.93, 66.93, 39.37, 90],
		[333, "U4_16", 480, 491.3, "T", "DIP", "5V", "", "C", 66.93, 66.93, 39.37, 90],
		[334, "U4_16", 480, 491.3, "B", "DIP", "5V", "", "C", 66.93, 66.93, 39.37, 90],
		[335, "U5_1", 1430, 183.7, "T", "DIP", "$1N14352", "", "R", 66.93, 66.93, 39.37, 90],
		[336, "U5_1", 1430, 183.7, "B", "DIP", "$1N14352", "", "R", 66.93, 66.93, 39.37, 90],
		[337, "U5_2", 1530, 183.7, "T", "DIP", "$1N14376", "", "C", 66.93, 66.93, 39.37, 90],
		[338, "U5_2", 1530, 183.7, "B", "DIP", "$1N14376", "", "C", 66.93, 66.93, 39.37, 90],
		[339, "U5_3", 1630, 183.7, "T", "DIP", "$1N14370", "", "C", 66.93, 66.93, 39.37, 90],
		[340, "U5_3", 1630, 183.7, "B", "DIP", "$1N14370", "", "C", 66.93, 66.93, 39.37, 90],
		[341, "U5_4", 1730, 183.7, "T", "DIP", "PGND", "", "C", 66.93, 66.93, 39.37, 90],
		[342, "U5_4", 1730, 183.7, "B", "DIP", "PGND", "", "C", 66.93, 66.93, 39.37, 90],
		[343, "U5_5", 1830, 183.7, "T", "DIP", "PGND", "", "C", 66.93, 66.93, 39.37, 90],
		[344, "U5_5", 1830, 183.7, "B", "DIP", "PGND", "", "C", 66.93, 66.93, 39.37, 90],
		[345, "U5_6", 1930, 183.7, "T", "DIP", "$1N3347", "", "C", 66.93, 66.93, 39.37, 90],
		[346, "U5_6", 1930, 183.7, "B", "DIP", "$1N3347", "", "C", 66.93, 66.93, 39.37, 90],
		[347, "U5_7", 2030, 183.7, "T", "DIP", "$1N5717", "", "C", 66.93, 66.93, 39.37, 90],
		[348, "U5_7", 2030, 183.7, "B", "DIP", "$1N5717", "", "C", 66.93, 66.93, 39.37, 90],
		[349, "U5_8", 2130, 183.7, "T", "DIP", "PGND", "", "C", 66.93, 66.93, 39.37, 90],
		[350, "U5_8", 2130, 183.7, "B", "DIP", "PGND", "", "C", 66.93, 66.93, 39.37, 90],
		[351, "U5_9", 2130, 496.3, "T", "DIP", "$1N7028", "", "C", 66.93, 66.93, 39.37, 90],
		[352, "U5_9", 2130, 496.3, "B", "DIP", "$1N7028", "", "C", 66.93, 66.93, 39.37, 90],
		[353, "U5_10", 2030, 496.3, "T", "DIP", "$1N3309", "", "C", 66.93, 66.93, 39.37, 90],
		[354, "U5_10", 2030, 496.3, "B", "DIP", "$1N3309", "", "C", 66.93, 66.93, 39.37, 90],
		[355, "U5_11", 1930, 496.3, "T", "DIP", "$1N3301", "", "C", 66.93, 66.93, 39.37, 90],
		[356, "U5_11", 1930, 496.3, "B", "DIP", "$1N3301", "", "C", 66.93, 66.93, 39.37, 90],
		[357, "U5_12", 1830, 496.3, "T", "DIP", "$1N3297", "", "C", 66.93, 66.93, 39.37, 90],
		[358, "U5_12", 1830, 496.3, "B", "DIP", "$1N3297", "", "C", 66.93, 66.93, 39.37, 90],
		[359, "U5_13", 1730, 496.3, "T", "DIP", "$1N3294", "", "C", 66.93, 66.93, 39.37, 90],
		[360, "U5_13", 1730, 496.3, "B", "DIP", "$1N3294", "", "C", 66.93, 66.93, 39.37, 90],
		[361, "U5_14", 1630, 496.3, "T", "DIP", "$1N3278", "", "C", 66.93, 66.93, 39.37, 90],
		[362, "U5_14", 1630, 496.3, "B", "DIP", "$1N3278", "", "C", 66.93, 66.93, 39.37, 90],
		[363, "U5_15", 1530, 496.3, "T", "DIP", "$1N3270", "", "C", 66.93, 66.93, 39.37, 90],
		[364, "U5_15", 1530, 496.3, "B", "DIP", "$1N3270", "", "C", 66.93, 66.93, 39.37, 90],
		[365, "U5_16", 1430, 496.3, "T", "DIP", "5V", "", "C", 66.93, 66.93, 39.37, 90],
		[366, "U5_16", 1430, 496.3, "B", "DIP", "5V", "", "C", 66.93, 66.93, 39.37, 90],
		[367, "U6_1", 4995, 180, "T", "DIP", "5V", "", "R", 35.43, 62.99, 27.56, 90],
		[368, "U6_1", 4995, 180, "B", "DIP", "5V", "", "R", 35.43, 62.99, 27.56, 90],
		[369, "U6_2", 4995, 230, "T", "DIP", "PGND", "", "O", 35.43, 62.99, 27.56, 90],
		[370, "U6_2", 4995, 230, "B", "DIP", "PGND", "", "O", 35.43, 62.99, 27.56, 90],
		[371, "U6_3", 4995, 280, "T", "DIP", "$1N11382", "", "O", 35.43, 62.99, 27.56, 90],
		[372, "U6_3", 4995, 280, "B", "DIP", "$1N11382", "", "O", 35.43, 62.99, 27.56, 90],
		[373, "PAD1_3", 5275.59, 787.4, "T", "DIP", "PGND", "", "C", 314.96, 314.96, 157.48, 0],
		[374, "PAD1_3", 5275.59, 787.4, "B", "DIP", "PGND", "", "C", 314.96, 314.96, 157.48, 0],
		[375, "PAD2_1", 236.22, 787.4, "T", "DIP", "PGND", "", "C", 314.96, 314.96, 157.48, 0],
		[376, "PAD2_1", 236.22, 787.4, "B", "DIP", "PGND", "", "C", 314.96, 314.96, 157.48, 0],
		[377, "PAD3_2", 3505, 380, "T", "DIP", "PGND", "", "C", 314.96, 314.96, 157.48, 0],
		[378, "PAD3_2", 3505, 380, "B", "DIP", "PGND", "", "C", 314.96, 314.96, 157.48, 0]
	]
}
}