{
"lengthUnit": "mil",
"components": {
	"fields": ["COMPONENT_NO", "COMPONENT_NAME", "LAYER", "X_COORDINATE", "Y_COORDINATE", "ANGLE"],
	"rows": [
		[1, "C1", "T", 685, 2590, 90],
		[2, "C2", "T", 4025, 2635, 90],
		[3, "C3", "T", 1295, 2375, 90],
		[4, "C4", "T", 910, 2380, 270],
		[5, "C5", "T", 715, 2355, 90],
		[6, "C6", "T", 190, 2280, 180],
		[7, "C7", "T", 1615, 2305, 0],
		[8, "C8", "T", 1935, 2310, 0],
		[9, "C9", "T", 2035, 635, 270],
		[10, "C10", "T", 300, 910, 0],
		[11, "C12", "T", 4105, 1990, 90],
		[12, "C13", "T", 4110, 2260, 90],
		[13, "D1", "T", 990, 2585, 180],
		[14, "D2", "T", 2465, 580, 0],
		[15, "DC1", "T", 4290, 2675, 180],
		[16, "DC2", "T", 435, 2445, 0],
		[17, "DSUB1", "T", 4255, 760, 90],
		[18, "F1", "T", 2350, 2615, 0],
		[19, "J1", "T", 1700, 2565, 0],
		[20, "J2", "T", 280, 455, 180],
		[21, "J3", "T", 4345, 2125, 270],
		[22, "J4", "T", 3650, 440, 0],
		[23, "J5", "T", 2360, 2380, 180],
		[24, "J6", "T", 4420, 1620, 180],
		[25, "LED10G", "T", 2000, 940, 270],
		[26, "LED144", "T", 1000, 940, 270],
		[27, "LED430", "T", 1200, 940, 270],
		[28, "LED1200", "T", 1400, 940, 270],
		[29, "LED2300", "T", 1600, 940, 270],
		[30, "LED5600", "T", 1800, 940, 270],
		[31, "LEDPTT", "T", 800, 940, 270],
		[32, "LEDPWR", "T", 2200, 940, 270],
		[33, "R1", "T", 2435, 810, 180],
		[34, "R2", "T", 3288.89, 2082.67, 0],
		[35, "R3", "T", 3288.89, 1982.01, 0],
		[36, "R4", "T", 3288.89, 1881.36, 0],
		[37, "RN1", "T", 970, 600, 0],
		[38, "U1", "T", 1095, 2370, 270],
		[39, "U2", "T", 95, 1120, 0],
		[40, "U3", "T", 3610, 1035, 270],
		[41, "U4", "T", 3610, 2080, 270],
		[42, "U5", "T", 2880, 1765, 90],
		[43, "VR1", "T", 1685, 590, 270],
		[44, "PAD1", "T", 2832.55, 240, 0],
		[45, "PAD1", "B", 2832.55, 240, 0],
		[46, "PAD2", "T", 2936.05, 240, 0],
		[47, "PAD2", "B", 2936.05, 240, 0],
		[48, "PAD3", "T", 4065, 1755, 0],
		[49, "PAD3", "B", 4065, 1755, 0],
		[50, "PAD4", "T", 4065, 1600, 0],
		[51, "PAD4", "B", 4065, 1600, 0],
		[52, "PAD5", "T", 3145, 1360, 0],
		[53, "PAD5", "B", 3145, 1360, 0]
	]
},
"pins": {
	"fields": ["PIN_NO", "PIN_NAME", "PIN_X", "PIN_Y", "LAYER", "PIN_TYPE", "NET_NAME", "NET_TYPE", "PAD_SHAPE", "PAD_SIZEX", "PAD_SIZEY", "HOLE_SIZE", "PAD_ANGLE"],
	"rows": [
		[1, "C1_1", 644.64, 2491.57, "T", "DIP", "14VDC", "", "C", 47.24, 47.24, 23.62, 90],
		[2, "C1_1", 644.64, 2491.57, "B", "DIP", "14VDC", "", "C", 47.24, 47.24, 23.62, 90],
		[3, "C1_2", 725.36, 2688.42, "T", "DIP", "PGND", "", "C", 47.24, 47.24, 23.62, 90],
		[4, "C1_2", 725.36, 2688.42, "B", "DIP", "PGND", "", "C", 47.24, 47.24, 23.62, 90],
		[5, "C2_1", 3984.64, 2536.57, "T", "DIP", "14VDC", "", "C", 47.24, 47.24, 23.62, 90],
		[6, "C2_1", 3984.64, 2536.57, "B", "DIP", "14VDC", "", "C", 47.24, 47.24, 23.62, 90],
		[7, "C2_2", 4065.36, 2733.42, "T", "DIP", "PGND", "", "C", 47.24, 47.24, 23.62, 90],
		[8, "C2_2", 4065.36, 2733.42, "B", "DIP", "PGND", "", "C", 47.24, 47.24, 23.62, 90],
		[9, "C3_1", 1254.64, 2276.57, "T", "DIP", "$1N1057", "", "C", 47.24, 47.24, 23.62, 90],
		[10, "C3_1", 1254.64, 2276.57, "B", "DIP", "$1N1057", "", "C", 47.24, 47.24, 23.62, 90],
		[11, "C3_2", 1335.36, 2473.43, "T", "DIP", "PGND", "", "C", 47.24, 47.24, 23.62, 90],
		[12, "C3_2", 1335.36, 2473.43, "B", "DIP", "PGND", "", "C", 47.24, 47.24, 23.62, 90],
		[13, "C4_1", 950.36, 2478.43, "T", "DIP", "+5V", "", "C", 47.24, 47.24, 23.62, 270],
		[14, "C4_1", 950.36, 2478.43, "B", "DIP", "+5V", "", "C", 47.24, 47.24, 23.62, 270],
		[15, "C4_2", 869.64, 2281.57, "T", "DIP", "PGND", "", "C", 47.24, 47.24, 23.62, 270],
		[16, "C4_2", 869.64, 2281.57, "B", "DIP", "PGND", "", "C", 47.24, 47.24, 23.62, 270],
		[17, "C5_1", 715, 2315.63, "T", "DIP", "+5V", "", "C", 43.31, 43.31, 27.56, 90],
		[18, "C5_1", 715, 2315.63, "B", "DIP", "+5V", "", "C", 43.31, 43.31, 27.56, 90],
		[19, "C5_2", 715, 2394.37, "T", "DIP", "PGND", "", "C", 43.31, 43.31, 27.56, 90],
		[20, "C5_2", 715, 2394.37, "B", "DIP", "PGND", "", "C", 43.31, 43.31, 27.56, 90],
		[21, "C6_1", 288.43, 2239.64, "T", "DIP", "+5V", "", "C", 47.24, 47.24, 23.62, 180],
		[22, "C6_1", 288.43, 2239.64, "B", "DIP", "+5V", "", "C", 47.24, 47.24, 23.62, 180],
		[23, "C6_2", 91.58, 2320.36, "T", "DIP", "PGND", "", "C", 47.24, 47.24, 23.62, 180],
		[24, "C6_2", 91.58, 2320.36, "B", "DIP", "PGND", "", "C", 47.24, 47.24, 23.62, 180],
		[25, "C7_1", 1516.58, 2345.36, "T", "DIP", "PGND", "", "C", 47.24, 47.24, 23.62, 0],
		[26, "C7_1", 1516.58, 2345.36, "B", "DIP", "PGND", "", "C", 47.24, 47.24, 23.62, 0],
		[27, "C7_2", 1713.42, 2264.64, "T", "DIP", "$1N2773", "", "C", 47.24, 47.24, 23.62, 0],
		[28, "C7_2", 1713.42, 2264.64, "B", "DIP", "$1N2773", "", "C", 47.24, 47.24, 23.62, 0],
		[29, "C8_1", 1836.58, 2350.36, "T", "DIP", "PGND", "", "C", 47.24, 47.24, 23.62, 0],
		[30, "C8_1", 1836.58, 2350.36, "B", "DIP", "PGND", "", "C", 47.24, 47.24, 23.62, 0],
		[31, "C8_2", 2033.42, 2269.64, "T", "DIP", "VCC", "", "C", 47.24, 47.24, 23.62, 0],
		[32, "C8_2", 2033.42, 2269.64, "B", "DIP", "VCC", "", "C", 47.24, 47.24, 23.62, 0],
		[33, "C9_1", 2035, 674.37, "T", "DIP", "VCC", "", "C", 43.31, 43.31, 27.56, 270],
		[34, "C9_1", 2035, 674.37, "B", "DIP", "VCC", "", "C", 43.31, 43.31, 27.56, 270],
		[35, "C9_2", 2035, 595.63, "T", "DIP", "PGND", "", "C", 43.31, 43.31, 27.56, 270],
		[36, "C9_2", 2035, 595.63, "B", "DIP", "PGND", "", "C", 43.31, 43.31, 27.56, 270],
		[37, "C10_1", 201.57, 950.36, "T", "DIP", "PGND", "", "C", 47.24, 47.24, 23.62, 0],
		[38, "C10_1", 201.57, 950.36, "B", "DIP", "PGND", "", "C", 47.24, 47.24, 23.62, 0],
		[39, "C10_2", 398.43, 869.64, "T", "DIP", "PTT_IN-", "", "C", 47.24, 47.24, 23.62, 0],
		[40, "C10_2", 398.43, 869.64, "B", "DIP", "PTT_IN-", "", "C", 47.24, 47.24, 23.62, 0],
		[41, "C12_1", 4064.64, 1891.58, "T", "DIP", "12VDC", "", "C", 47.24, 47.24, 23.62, 90],
		[42, "C12_1", 4064.64, 1891.58, "B", "DIP", "12VDC", "", "C", 47.24, 47.24, 23.62, 90],
		[43, "C12_2", 4145.36, 2088.43, "T", "DIP", "PGND", "", "C", 47.24, 47.24, 23.62, 90],
		[44, "C12_2", 4145.36, 2088.43, "B", "DIP", "PGND", "", "C", 47.24, 47.24, 23.62, 90],
		[45, "C13_1", 4069.64, 2161.57, "T", "DIP", "PGND", "", "C", 47.24, 47.24, 23.62, 90],
		[46, "C13_1", 4069.64, 2161.57, "B", "DIP", "PGND", "", "C", 47.24, 47.24, 23.62, 90],
		[47, "C13_2", 4150.36, 2358.43, "T", "DIP", "24VDC", "", "C", 47.24, 47.24, 23.62, 90],
		[48, "C13_2", 4150.36, 2358.43, "B", "DIP", "24VDC", "", "C", 47.24, 47.24, 23.62, 90],
		[49, "D1_1", 1161.26, 2585, "T", "DIP", "$1N1057", "", "C", 70.87, 70.87, 41.34, 180],
		[50, "D1_1", 1161.26, 2585, "B", "DIP", "$1N1057", "", "C", 70.87, 70.87, 41.34, 180],
		[51, "D1_2", 818.74, 2585, "T", "DIP", "14VDC", "", "C", 70.87, 70.87, 41.34, 180],
		[52, "D1_2", 818.74, 2585, "B", "DIP", "14VDC", "", "C", 70.87, 70.87, 41.34, 180],
		[53, "D2_1", 2293.74, 580, "T", "DIP", "PTT_IN-", "", "C", 70.87, 70.87, 41.34, 0],
		[54, "D2_1", 2293.74, 580, "B", "DIP", "PTT_IN-", "", "C", 70.87, 70.87, 41.34, 0],
		[55, "D2_2", 2636.26, 580, "T", "DIP", "$1N3181", "", "C", 70.87, 70.87, 41.34, 0],
		[56, "D2_2", 2636.26, 580, "B", "DIP", "$1N3181", "", "C", 70.87, 70.87, 41.34, 0],
		[57, "DC1_1", 4167.95, 2582.48, "T", "DIP", "14VDC", "", "O", 59.05, 137.79, 118.11, 180],
		[58, "DC1_1", 4167.95, 2582.48, "B", "DIP", "14VDC", "", "O", 59.05, 137.79, 118.11, 180],
		[59, "DC1_2", 4412.05, 2582.48, "T", "DIP", "PGND", "", "O", 59.05, 137.79, 118.11, 180],
		[60, "DC1_2", 4412.05, 2582.48, "B", "DIP", "PGND", "", "O", 59.05, 137.79, 118.11, 180],
		[61, "DC1_3", 4286.06, 2767.52, "T", "DIP", "PGND", "", "O", 137.79, 59.05, 118.11, 180],
		[62, "DC1_3", 4286.06, 2767.52, "B", "DIP", "PGND", "", "O", 137.79, 59.05, 118.11, 180],
		[63, "DC2_1", 557.04, 2537.52, "T", "DIP", "14VDC", "", "O", 59.05, 137.79, 118.11, 0],
		[64, "DC2_1", 557.04, 2537.52, "B", "DIP", "14VDC", "", "O", 59.05, 137.79, 118.11, 0],
		[65, "DC2_2", 312.95, 2537.52, "T", "DIP", "PGND", "", "O", 59.05, 137.79, 118.11, 0],
		[66, "DC2_2", 312.95, 2537.52, "B", "DIP", "PGND", "", "O", 59.05, 137.79, 118.11, 0],
		[67, "DC2_3", 438.94, 2352.48, "T", "DIP", "PGND", "", "O", 137.79, 59.05, 118.11, 0],
		[68, "DC2_3", 438.94, 2352.48, "B", "DIP", "PGND", "", "O", 137.79, 59.05, 118.11, 0],
		[69, "DSUB1_1", 4155, 930.48, "T", "DIP", "BAND_144-", "", "R", 66.93, 66.93, 43.31, 90],
		[70, "DSUB1_1", 4155, 930.48, "B", "DIP", "BAND_144-", "", "R", 66.93, 66.93, 43.31, 90],
		[71, "DSUB1_2", 4155, 840.31, "T", "DIP", "BAND_430-", "", "C", 66.93, 66.93, 43.31, 90],
		[72, "DSUB1_2", 4155, 840.31, "B", "DIP", "BAND_430-", "", "C", 66.93, 66.93, 43.31, 90],
		[73, "DSUB1_3", 4155, 750.15, "T", "DIP", "BAND_1200-", "", "C", 66.93, 66.93, 43.31, 90],
		[74, "DSUB1_3", 4155, 750.15, "B", "DIP", "BAND_1200-", "", "C", 66.93, 66.93, 43.31, 90],
		[75, "DSUB1_4", 4155, 660, "T", "DIP", "BAND_2300-", "", "C", 66.93, 66.93, 43.31, 90],
		[76, "DSUB1_4", 4155, 660, "B", "DIP", "BAND_2300-", "", "C", 66.93, 66.93, 43.31, 90],
		[77, "DSUB1_5", 4155, 569.85, "T", "DIP", "BAND_5600-", "", "C", 66.93, 66.93, 43.31, 90],
		[78, "DSUB1_5", 4155, 569.85, "B", "DIP", "BAND_5600-", "", "C", 66.93, 66.93, 43.31, 90],
		[79, "DSUB1_6", 4255, 975.36, "T", "DIP", "BAND_10G-", "", "C", 66.93, 66.93, 43.31, 90],
		[80, "DSUB1_6", 4255, 975.36, "B", "DIP", "BAND_10G-", "", "C", 66.93, 66.93, 43.31, 90],
		[81, "DSUB1_7", 4255, 885.19, "T", "DIP", "PTT_144-", "", "C", 66.93, 66.93, 43.31, 90],
		[82, "DSUB1_7", 4255, 885.19, "B", "DIP", "PTT_144-", "", "C", 66.93, 66.93, 43.31, 90],
		[83, "DSUB1_8", 4255, 795.04, "T", "DIP", "PTT_430-", "", "C", 66.93, 66.93, 43.31, 90],
		[84, "DSUB1_8", 4255, 795.04, "B", "DIP", "PTT_430-", "", "C", 66.93, 66.93, 43.31, 90],
		[85, "DSUB1_9", 4255, 704.88, "T", "DIP", "PTT_1200-", "", "C", 66.93, 66.93, 43.31, 90],
		[86, "DSUB1_9", 4255, 704.88, "B", "DIP", "PTT_1200-", "", "C", 66.93, 66.93, 43.31, 90],
		[87, "DSUB1_10", 4255, 614.72, "T", "DIP", "PTT_2300-", "", "C", 66.93, 66.93, 43.31, 90],
		[88, "DSUB1_10", 4255, 614.72, "B", "DIP", "PTT_2300-", "", "C", 66.93, 66.93, 43.31, 90],
		[89, "DSUB1_11", 4355, 930.48, "T", "DIP", "PTT_5600-", "", "C", 66.93, 66.93, 43.31, 90],
		[90, "DSUB1_11", 4355, 930.48, "B", "DIP", "PTT_5600-", "", "C", 66.93, 66.93, 43.31, 90],
		[91, "DSUB1_12", 4355, 840.31, "T", "DIP", "PTT_10G-", "", "C", 66.93, 66.93, 43.31, 90],
		[92, "DSUB1_12", 4355, 840.31, "B", "DIP", "PTT_10G-", "", "C", 66.93, 66.93, 43.31, 90],
		[93, "DSUB1_13", 4355, 750.15, "T", "DIP", "24VDC", "", "C", 66.93, 66.93, 43.31, 90],
		[94, "DSUB1_13", 4355, 750.15, "B", "DIP", "24VDC", "", "C", 66.93, 66.93, 43.31, 90],
		[95, "DSUB1_14", 4355, 660, "T", "DIP", "12VDC", "", "C", 66.93, 66.93, 43.31, 90],
		[96, "DSUB1_14", 4355, 660, "B", "DIP", "12VDC", "", "C", 66.93, 66.93, 43.31, 90],
		[97, "DSUB1_15", 4355, 569.85, "T", "DIP", "PGND", "", "C", 66.93, 66.93, 43.31, 90],
		[98, "DSUB1_15", 4355, 569.85, "B", "DIP", "PGND", "", "C", 66.93, 66.93, 43.31, 90],
		[99, "DSUB1_16", 4255, 1252.13, "T", "DIP", "PGND", "", "C", 165.35, 165.35, 125.98, 90],
		[100, "DSUB1_16", 4255, 1252.13, "B", "DIP", "PGND", "", "C", 165.35, 165.35, 125.98, 90],
		[101, "DSUB1_17", 4255, 267.87, "T", "DIP", "PGND", "", "C", 165.35, 165.35, 125.98, 90],
		[102, "DSUB1_17", 4255, 267.87, "B", "DIP", "PGND", "", "C", 165.35, 165.35, 125.98, 90],
		[103, "F1_1", 2250, 2615, "T", "DIP", "14VDC", "", "C", 78.74, 78.74, 47.24, 0],
		[104, "F1_1", 2250, 2615, "B", "DIP", "14VDC", "", "C", 78.74, 78.74, 47.24, 0],
		[105, "F1_2", 2450, 2615, "T", "DIP", "12VDC", "", "C", 78.74, 78.74, 47.24, 0],
		[106, "F1_2", 2450, 2615, "B", "DIP", "12VDC", "", "C", 78.74, 78.74, 47.24, 0],
		[107, "J1_1", 1850, 2565, "T", "DIP", "PGND", "", "R", 66.93, 66.93, 43.31, 0],
		[108, "J1_1", 1850, 2565, "B", "DIP", "PGND", "", "R", 66.93, 66.93, 43.31, 0],
		[109, "J1_2", 1750, 2565, "T", "DIP", "I2C_9", "", "C", 66.93, 66.93, 43.31, 0],
		[110, "J1_2", 1750, 2565, "B", "DIP", "I2C_9", "", "C", 66.93, 66.93, 43.31, 0],
		[111, "J1_3", 1650, 2565, "T", "DIP", "I2C_8", "", "C", 66.93, 66.93, 43.31, 0],
		[112, "J1_3", 1650, 2565, "B", "DIP", "I2C_8", "", "C", 66.93, 66.93, 43.31, 0],
		[113, "J1_4", 1550, 2565, "T", "DIP", "VCC", "", "C", 66.93, 66.93, 43.31, 0],
		[114, "J1_4", 1550, 2565, "B", "DIP", "VCC", "", "C", 66.93, 66.93, 43.31, 0],
		[115, "J2_1", 191.42, 455, "T", "DIP", "PGND", "", "O", 78.74, 129.92, 98.42, 180],
		[116, "J2_1", 191.42, 455, "B", "DIP", "PGND", "", "O", 78.74, 129.92, 98.42, 180],
		[117, "J2_2", 368.58, 455, "T", "DIP", "PTT_IN-", "", "O", 129.92, 70.87, 98.42, 180],
		[118, "J2_2", 368.58, 455, "B", "DIP", "PTT_IN-", "", "O", 129.92, 70.87, 98.42, 180],
		[119, "J3_1", 4345, 1977.37, "T", "DIP", "12VDC", "", "R", 62.99, 62.99, 39.37, 0],
		[120, "J3_1", 4345, 1977.37, "B", "DIP", "12VDC", "", "R", 62.99, 62.99, 39.37, 0],
		[121, "J3_2", 4345, 2075.78, "T", "DIP", "PGND", "", "C", 62.99, 62.99, 39.37, 0],
		[122, "J3_2", 4345, 2075.78, "B", "DIP", "PGND", "", "C", 62.99, 62.99, 39.37, 0],
		[123, "J3_3", 4345, 2174.22, "T", "DIP", "PGND", "", "C", 62.99, 62.99, 39.37, 0],
		[124, "J3_3", 4345, 2174.22, "B", "DIP", "PGND", "", "C", 62.99, 62.99, 39.37, 0],
		[125, "J3_4", 4345, 2272.63, "T", "DIP", "24VDC", "", "C", 62.99, 62.99, 39.37, 0],
		[126, "J3_4", 4345, 2272.63, "B", "DIP", "24VDC", "", "C", 62.99, 62.99, 39.37, 0],
		[127, "J4_1", 3550, 440, "T", "DIP", "24VDC", "", "R", 66.93, 66.93, 43.31, 0],
		[128, "J4_1", 3550, 440, "B", "DIP", "24VDC", "", "R", 66.93, 66.93, 43.31, 0],
		[129, "J4_2", 3650, 440, "T", "DIP", "$3N2242", "", "C", 66.93, 66.93, 43.31, 0],
		[130, "J4_2", 3650, 440, "B", "DIP", "$3N2242", "", "C", 66.93, 66.93, 43.31, 0],
		[131, "J4_3", 3750, 440, "T", "DIP", "12VDC", "", "C", 66.93, 66.93, 43.31, 0],
		[132, "J4_3", 3750, 440, "B", "DIP", "12VDC", "", "C", 66.93, 66.93, 43.31, 0],
		[133, "J5_1", 2210, 2380, "T", "DIP", "PGND", "", "R", 66.93, 66.93, 43.31, 180],
		[134, "J5_1", 2210, 2380, "B", "DIP", "PGND", "", "R", 66.93, 66.93, 43.31, 180],
		[135, "J5_2", 2310, 2380, "T", "DIP", "RX", "", "C", 66.93, 66.93, 43.31, 180],
		[136, "J5_2", 2310, 2380, "B", "DIP", "RX", "", "C", 66.93, 66.93, 43.31, 180],
		[137, "J5_3", 2410, 2380, "T", "DIP", "TX", "", "C", 66.93, 66.93, 43.31, 180],
		[138, "J5_3", 2410, 2380, "B", "DIP", "TX", "", "C", 66.93, 66.93, 43.31, 180],
		[139, "J5_4", 2510, 2380, "T", "DIP", "VCC", "", "C", 66.93, 66.93, 43.31, 180],
		[140, "J5_4", 2510, 2380, "B", "DIP", "VCC", "", "C", 66.93, 66.93, 43.31, 180],
		[141, "J6_1", 4642.44, 1631.81, "T", "DIP", "PGND", "", "O", 39.37, 78.74, 59.05, 180],
		[142, "J6_1", 4642.44, 1631.81, "B", "DIP", "PGND", "", "O", 39.37, 78.74, 59.05, 180],
		[143, "J6_2", 4331.42, 1427.09, "T", "DIP", "CI-V_SLEEVE", "", "O", 78.74, 39.37, 59.06, 180],
		[144, "J6_2", 4331.42, 1427.09, "B", "DIP", "CI-V_SLEEVE", "", "O", 78.74, 39.37, 59.06, 180],
		[145, "J6_3", 4370.79, 1529.45, "T", "DIP", "J6_3", "", "O", 78.74, 39.37, 59.05, 180],
		[146, "J6_3", 4370.79, 1529.45, "B", "DIP", "J6_3", "", "O", 78.74, 39.37, 59.05, 180],
		[147, "J6_4", 4197.56, 1793.23, "T", "DIP", "J6_4", "", "O", 39.37, 78.74, 59.05, 180],
		[148, "J6_4", 4197.56, 1793.23, "B", "DIP", "J6_4", "", "O", 39.37, 78.74, 59.05, 180],
		[149, "J6_5", 4477.09, 1812.91, "T", "DIP", "CI-V_TIP", "", "O", 78.74, 39.37, 62.01, 180],
		[150, "J6_5", 4477.09, 1812.91, "B", "DIP", "CI-V_TIP", "", "O", 78.74, 39.37, 62.01, 180],
		[151, "LED10G_1", 2000, 990, "T", "DIP", "$1N1910", "", "C", 60, 60, 35.43, 270],
		[152, "LED10G_1", 2000, 990, "B", "DIP", "$1N1910", "", "C", 60, 60, 35.43, 270],
		[153, "LED10G_2", 2000, 890, "T", "DIP", "$1N1841", "", "C", 60, 60, 35.43, 270],
		[154, "LED10G_2", 2000, 890, "B", "DIP", "$1N1841", "", "C", 60, 60, 35.43, 270],
		[155, "LED144_1", 1000, 990, "T", "DIP", "$1N2186", "", "C", 60, 60, 35.43, 270],
		[156, "LED144_1", 1000, 990, "B", "DIP", "$1N2186", "", "C", 60, 60, 35.43, 270],
		[157, "LED144_2", 1000, 890, "T", "DIP", "$1N6546", "", "C", 60, 60, 35.43, 270],
		[158, "LED144_2", 1000, 890, "B", "DIP", "$1N6546", "", "C", 60, 60, 35.43, 270],
		[159, "LED430_1", 1200, 990, "T", "DIP", "$1N2118", "", "C", 60, 60, 35.43, 270],
		[160, "LED430_1", 1200, 990, "B", "DIP", "$1N2118", "", "C", 60, 60, 35.43, 270],
		[161, "LED430_2", 1200, 890, "T", "DIP", "$1N2141", "", "C", 60, 60, 35.43, 270],
		[162, "LED430_2", 1200, 890, "B", "DIP", "$1N2141", "", "C", 60, 60, 35.43, 270],
		[163, "LED1200_1", 1400, 990, "T", "DIP", "$1N1888", "", "C", 60, 60, 35.43, 270],
		[164, "LED1200_1", 1400, 990, "B", "DIP", "$1N1888", "", "C", 60, 60, 35.43, 270],
		[165, "LED1200_2", 1400, 890, "T", "DIP", "$1N2134", "", "C", 60, 60, 35.43, 270],
		[166, "LED1200_2", 1400, 890, "B", "DIP", "$1N2134", "", "C", 60, 60, 35.43, 270],
		[167, "LED2300_1", 1600, 990, "T", "DIP", "$1N1917", "", "C", 60, 60, 35.43, 270],
		[168, "LED2300_1", 1600, 990, "B", "DIP", "$1N1917", "", "C", 60, 60, 35.43, 270],
		[169, "LED2300_2", 1600, 890, "T", "DIP", "$1N6555", "", "C", 60, 60, 35.43, 270],
		[170, "LED2300_2", 1600, 890, "B", "DIP", "$1N6555", "", "C", 60, 60, 35.43, 270],
		[171, "LED5600_1", 1800, 990, "T", "DIP", "$1N1895", "", "C", 60, 60, 35.43, 270],
		[172, "LED5600_1", 1800, 990, "B", "DIP", "$1N1895", "", "C", 60, 60, 35.43, 270],
		[173, "LED5600_2", 1800, 890, "T", "DIP", "$1N2122", "", "C", 60, 60, 35.43, 270],
		[174, "LED5600_2", 1800, 890, "B", "DIP", "$1N2122", "", "C", 60, 60, 35.43, 270],
		[175, "LEDPTT_1", 800, 990, "T", "DIP", "$1N2398", "", "C", 60, 60, 35.43, 270],
		[176, "LEDPTT_1", 800, 990, "B", "DIP", "$1N2398", "", "C", 60, 60, 35.43, 270],
		[177, "LEDPTT_2", 800, 890, "T", "DIP", "$1N2147", "", "C", 60, 60, 35.43, 270],
		[178, "LEDPTT_2", 800, 890, "B", "DIP", "$1N2147", "", "C", 60, 60, 35.43, 270],
		[179, "LEDPWR_1", 2200, 990, "T", "DIP", "$1N1904", "", "C", 60, 60, 35.43, 270],
		[180, "LEDPWR_1", 2200, 990, "B", "DIP", "$1N1904", "", "C", 60, 60, 35.43, 270],
		[181, "LEDPWR_2", 2200, 890, "T", "DIP", "$1N6562", "", "C", 60, 60, 35.43, 270],
		[182, "LEDPWR_2", 2200, 890, "B", "DIP", "$1N6562", "", "C", 60, 60, 35.43, 270],
		[183, "R1_1", 2637.76, 810, "T", "DIP", "$1N3181", "", "C", 60, 60, 39.37, 180],
		[184, "R1_1", 2637.76, 810, "B", "DIP", "$1N3181", "", "C", 60, 60, 39.37, 180],
		[185, "R1_2", 2232.24, 810, "T", "DIP", "VCC", "", "C", 60, 60, 39.37, 180],
		[186, "R1_2", 2232.24, 810, "B", "DIP", "VCC", "", "C", 60, 60, 39.37, 180],
		[187, "R2_1", 3230.67, 2082.67, "T", "SMD", "PGND", "", "R", 47.54, 66.97, 0, 0],
		[188, "R2_2", 3347.11, 2082.67, "T", "SMD", "$3N6144", "", "R", 47.54, 66.97, 0, 0],
		[189, "R3_1", 3230.67, 1982.01, "T", "SMD", "PGND", "", "R", 47.54, 66.97, 0, 0],
		[190, "R3_2", 3347.11, 1982.01, "T", "SMD", "$3N6146", "", "R", 47.54, 66.97, 0, 0],
		[191, "R4_1", 3230.67, 1881.36, "T", "SMD", "PGND", "", "R", 47.54, 66.97, 0, 0],
		[192, "R4_2", 3347.11, 1881.36, "T", "SMD", "$3N6148", "", "R", 47.54, 66.97, 0, 0],
		[193, "RN1_1", 570, 600, "T", "DIP", "PGND", "", "R", 62.99, 62.99, 39.37, 0],
		[194, "RN1_1", 570, 600, "B", "DIP", "PGND", "", "R", 62.99, 62.99, 39.37, 0],
		[195, "RN1_2", 670, 600, "T", "DIP", "$1N2147", "", "C", 62.99, 62.99, 39.37, 0],
		[196, "RN1_2", 670, 600, "B", "DIP", "$1N2147", "", "C", 62.99, 62.99, 39.37, 0],
		[197, "RN1_3", 770, 600, "T", "DIP", "$1N6546", "", "C", 62.99, 62.99, 39.37, 0],
		[198, "RN1_3", 770, 600, "B", "DIP", "$1N6546", "", "C", 62.99, 62.99, 39.37, 0],
		[199, "RN1_4", 870, 600, "T", "DIP", "$1N2141", "", "C", 62.99, 62.99, 39.37, 0],
		[200, "RN1_4", 870, 600, "B", "DIP", "$1N2141", "", "C", 62.99, 62.99, 39.37, 0],
		[201, "RN1_5", 970, 600, "T", "DIP", "$1N2134", "", "C", 62.99, 62.99, 39.37, 0],
		[202, "RN1_5", 970, 600, "B", "DIP", "$1N2134", "", "C", 62.99, 62.99, 39.37, 0],
		[203, "RN1_6", 1070, 600, "T", "DIP", "$1N6555", "", "C", 62.99, 62.99, 39.37, 0],
		[204, "RN1_6", 1070, 600, "B", "DIP", "$1N6555", "", "C", 62.99, 62.99, 39.37, 0],
		[205, "RN1_7", 1170, 600, "T", "DIP", "$1N2122", "", "C", 62.99, 62.99, 39.37, 0],
		[206, "RN1_7", 1170, 600, "B", "DIP", "$1N2122", "", "C", 62.99, 62.99, 39.37, 0],
		[207, "RN1_8", 1270, 600, "T", "DIP", "$1N1841", "", "C", 62.99, 62.99, 39.37, 0],
		[208, "RN1_8", 1270, 600, "B", "DIP", "$1N1841", "", "C", 62.99, 62.99, 39.37, 0],
		[209, "RN1_9", 1370, 600, "T", "DIP", "$1N6562", "", "C", 62.99, 62.99, 39.37, 0],
		[210, "RN1_9", 1370, 600, "B", "DIP", "$1N6562", "", "C", 62.99, 62.99, 39.37, 0],
		[211, "U1_1", 1095, 2420, "T", "DIP", "+5V", "", "R", 35.43, 62.99, 27.56, 270],
		[212, "U1_1", 1095, 2420, "B", "DIP", "+5V", "", "R", 35.43, 62.99, 27.56, 270],
		[213, "U1_2", 1095, 2370, "T", "DIP", "PGND", "", "O", 35.43, 62.99, 27.56, 270],
		[214, "U1_2", 1095, 2370, "B", "DIP", "PGND", "", "O", 35.43, 62.99, 27.56, 270],
		[215, "U1_3", 1095, 2320, "T", "DIP", "$1N1057", "", "O", 35.43, 62.99, 27.56, 270],
		[216, "U1_3", 1095, 2320, "B", "DIP", "$1N1057", "", "O", 35.43, 62.99, 27.56, 270],
		[217, "U2_1", 95, 1120, "T", "DIP", "PGND", "", "C", 71.95, 71.95, 31, 90],
		[218, "U2_1", 95, 1120, "B", "DIP", "PGND", "", "C", 71.95, 71.95, 31, 90],
		[219, "U2_2", 195, 1120, "T", "DIP", "PGND", "", "C", 71.95, 71.95, 31, 90],
		[220, "U2_2", 195, 1120, "B", "DIP", "PGND", "", "C", 71.95, 71.95, 31, 90],
		[221, "U2_3", 295, 1120, "T", "DIP", "U2_3", "", "C", 71.95, 71.95, 31, 90],
		[222, "U2_3", 295, 1120, "B", "DIP", "U2_3", "", "C", 71.95, 71.95, 31, 90],
		[223, "U2_4", 395, 1120, "T", "DIP", "U2_4", "", "C", 71.95, 71.95, 31, 90],
		[224, "U2_4", 395, 1120, "B", "DIP", "U2_4", "", "C", 71.95, 71.95, 31, 90],
		[225, "U2_5", 495, 1120, "T", "DIP", "U2_5", "", "C", 71.95, 71.95, 31, 90],
		[226, "U2_5", 495, 1120, "B", "DIP", "U2_5", "", "C", 71.95, 71.95, 31, 90],
		[227, "U2_6", 595, 1120, "T", "DIP", "U2_6", "", "C", 71.95, 71.95, 31, 90],
		[228, "U2_6", 595, 1120, "B", "DIP", "U2_6", "", "C", 71.95, 71.95, 31, 90],
		[229, "U2_7", 695, 1120, "T", "DIP", "U2_7", "", "C", 71.95, 71.95, 31, 90],
		[230, "U2_7", 695, 1120, "B", "DIP", "U2_7", "", "C", 71.95, 71.95, 31, 90],
		[231, "U2_8", 795, 1120, "T", "DIP", "U2_8", "", "C", 71.95, 71.95, 31, 90],
		[232, "U2_8", 795, 1120, "B", "DIP", "U2_8", "", "C", 71.95, 71.95, 31, 90],
		[233, "U2_9", 895, 1120, "T", "DIP", "U2_9", "", "C", 71.95, 71.95, 31, 90],
		[234, "U2_9", 895, 1120, "B", "DIP", "U2_9", "", "C", 71.95, 71.95, 31, 90],
		[235, "U2_10", 995, 1120, "T", "DIP", "$1N2398", "", "C", 71.95, 71.95, 31, 90],
		[236, "U2_10", 995, 1120, "B", "DIP", "$1N2398", "", "C", 71.95, 71.95, 31, 90],
		[237, "U2_11", 1095, 1120, "T", "DIP", "$1N2186", "", "C", 71.95, 71.95, 31, 90],
		[238, "U2_11", 1095, 1120, "B", "DIP", "$1N2186", "", "C", 71.95, 71.95, 31, 90],
		[239, "U2_12", 1195, 1120, "T", "DIP", "$1N2118", "", "C", 71.95, 71.95, 31, 90],
		[240, "U2_12", 1195, 1120, "B", "DIP", "$1N2118", "", "C", 71.95, 71.95, 31, 90],
		[241, "U2_13", 1295, 1120, "T", "DIP", "$1N1888", "", "C", 71.95, 71.95, 31, 90],
		[242, "U2_13", 1295, 1120, "B", "DIP", "$1N1888", "", "C", 71.95, 71.95, 31, 90],
		[243, "U2_14", 1395, 1120, "T", "DIP", "$1N1917", "", "C", 71.95, 71.95, 31, 90],
		[244, "U2_14", 1395, 1120, "B", "DIP", "$1N1917", "", "C", 71.95, 71.95, 31, 90],
		[245, "U2_15", 1495, 1120, "T", "DIP", "$1N1895", "", "C", 71.95, 71.95, 31, 90],
		[246, "U2_15", 1495, 1120, "B", "DIP", "$1N1895", "", "C", 71.95, 71.95, 31, 90],
		[247, "U2_16", 1595, 1120, "T", "DIP", "$1N1910", "", "C", 71.95, 71.95, 31, 90],
		[248, "U2_16", 1595, 1120, "B", "DIP", "$1N1910", "", "C", 71.95, 71.95, 31, 90],
		[249, "U2_17", 1695, 1120, "T", "DIP", "$1N1904", "", "C", 71.95, 71.95, 31, 90],
		[250, "U2_17", 1695, 1120, "B", "DIP", "$1N1904", "", "C", 71.95, 71.95, 31, 90],
		[251, "U2_18", 1795, 1120, "T", "DIP", "U2_18", "", "C", 71.95, 71.95, 31, 90],
		[252, "U2_18", 1795, 1120, "B", "DIP", "U2_18", "", "C", 71.95, 71.95, 31, 90],
		[253, "U2_19", 1895, 1120, "T", "DIP", "PTT_IN+", "", "C", 71.95, 71.95, 31, 90],
		[254, "U2_19", 1895, 1120, "B", "DIP", "PTT_IN+", "", "C", 71.95, 71.95, 31, 90],
		[255, "U2_20", 1995, 1120, "T", "DIP", "RX", "", "C", 71.95, 71.95, 31, 90],
		[256, "U2_20", 1995, 1120, "B", "DIP", "RX", "", "C", 71.95, 71.95, 31, 90],
		[257, "U2_21", 2095, 1120, "T", "DIP", "TX", "", "C", 71.95, 71.95, 31, 90],
		[258, "U2_21", 2095, 1120, "B", "DIP", "TX", "", "C", 71.95, 71.95, 31, 90],
		[259, "U2_22", 2195, 1120, "T", "DIP", "PGND", "", "C", 71.95, 71.95, 31, 90],
		[260, "U2_22", 2195, 1120, "B", "DIP", "PGND", "", "C", 71.95, 71.95, 31, 90],
		[261, "U2_23", 2195, 2120, "T", "DIP", "VCC", "", "C", 71.95, 71.95, 31, 90],
		[262, "U2_23", 2195, 2120, "B", "DIP", "VCC", "", "C", 71.95, 71.95, 31, 90],
		[263, "U2_24", 2095, 2120, "T", "DIP", "VCC", "", "C", 71.95, 71.95, 31, 90],
		[264, "U2_24", 2095, 2120, "B", "DIP", "VCC", "", "C", 71.95, 71.95, 31, 90],
		[265, "U2_25", 1995, 2120, "T", "DIP", "U2_25", "", "C", 71.95, 71.95, 31, 90],
		[266, "U2_25", 1995, 2120, "B", "DIP", "U2_25", "", "C", 71.95, 71.95, 31, 90],
		[267, "U2_26", 1895, 2120, "T", "DIP", "$1N2773", "", "C", 71.95, 71.95, 31, 90],
		[268, "U2_26", 1895, 2120, "B", "DIP", "$1N2773", "", "C", 71.95, 71.95, 31, 90],
		[269, "U2_27", 1795, 2120, "T", "DIP", "BAND_144", "", "C", 71.95, 71.95, 31, 90],
		[270, "U2_27", 1795, 2120, "B", "DIP", "BAND_144", "", "C", 71.95, 71.95, 31, 90],
		[271, "U2_28", 1695, 2120, "T", "DIP", "BAND_430", "", "C", 71.95, 71.95, 31, 90],
		[272, "U2_28", 1695, 2120, "B", "DIP", "BAND_430", "", "C", 71.95, 71.95, 31, 90],
		[273, "U2_29", 1595, 2120, "T", "DIP", "BAND_1200", "", "C", 71.95, 71.95, 31, 90],
		[274, "U2_29", 1595, 2120, "B", "DIP", "BAND_1200", "", "C", 71.95, 71.95, 31, 90],
		[275, "U2_30", 1495, 2120, "T", "DIP", "BAND_2300", "", "C", 71.95, 71.95, 31, 90],
		[276, "U2_30", 1495, 2120, "B", "DIP", "BAND_2300", "", "C", 71.95, 71.95, 31, 90],
		[277, "U2_31", 1395, 2120, "T", "DIP", "BAND_5600", "", "C", 71.95, 71.95, 31, 90],
		[278, "U2_31", 1395, 2120, "B", "DIP", "BAND_5600", "", "C", 71.95, 71.95, 31, 90],
		[279, "U2_32", 1295, 2120, "T", "DIP", "BAND_10G", "", "C", 71.95, 71.95, 31, 90],
		[280, "U2_32", 1295, 2120, "B", "DIP", "BAND_10G", "", "C", 71.95, 71.95, 31, 90],
		[281, "U2_33", 1195, 2120, "T", "DIP", "PTT_144", "", "C", 71.95, 71.95, 31, 90],
		[282, "U2_33", 1195, 2120, "B", "DIP", "PTT_144", "", "C", 71.95, 71.95, 31, 90],
		[283, "U2_34", 1095, 2120, "T", "DIP", "I2C_8", "", "C", 71.95, 71.95, 31, 90],
		[284, "U2_34", 1095, 2120, "B", "DIP", "I2C_8", "", "C", 71.95, 71.95, 31, 90],
		[285, "U2_35", 995, 2120, "T", "DIP", "U2_35", "", "C", 71.95, 71.95, 31, 90],
		[286, "U2_35", 995, 2120, "B", "DIP", "U2_35", "", "C", 71.95, 71.95, 31, 90],
		[287, "U2_36", 895, 2120, "T", "DIP", "U2_36", "", "C", 71.95, 71.95, 31, 90],
		[288, "U2_36", 895, 2120, "B", "DIP", "U2_36", "", "C", 71.95, 71.95, 31, 90],
		[289, "U2_37", 795, 2120, "T", "DIP", "I2C_9", "", "C", 71.95, 71.95, 31, 90],
		[290, "U2_37", 795, 2120, "B", "DIP", "I2C_9", "", "C", 71.95, 71.95, 31, 90],
		[291, "U2_38", 695, 2120, "T", "DIP", "PTT_430", "", "C", 71.95, 71.95, 31, 90],
		[292, "U2_38", 695, 2120, "B", "DIP", "PTT_430", "", "C", 71.95, 71.95, 31, 90],
		[293, "U2_39", 595, 2120, "T", "DIP", "PTT_1200", "", "C", 71.95, 71.95, 31, 90],
		[294, "U2_39", 595, 2120, "B", "DIP", "PTT_1200", "", "C", 71.95, 71.95, 31, 90],
		[295, "U2_40", 495, 2120, "T", "DIP", "PTT_2300", "", "C", 71.95, 71.95, 31, 90],
		[296, "U2_40", 495, 2120, "B", "DIP", "PTT_2300", "", "C", 71.95, 71.95, 31, 90],
		[297, "U2_41", 395, 2120, "T", "DIP", "PTT_5600", "", "C", 71.95, 71.95, 31, 90],
		[298, "U2_41", 395, 2120, "B", "DIP", "PTT_5600", "", "C", 71.95, 71.95, 31, 90],
		[299, "U2_42", 295, 2120, "T", "DIP", "PTT_10G", "", "C", 71.95, 71.95, 31, 90],
		[300, "U2_42", 295, 2120, "B", "DIP", "PTT_10G", "", "C", 71.95, 71.95, 31, 90],
		[301, "U2_43", 195, 2120, "T", "DIP", "+5V", "", "C", 71.95, 71.95, 31, 90],
		[302, "U2_43", 195, 2120, "B", "DIP", "+5V", "", "C", 71.95, 71.95, 31, 90],
		[303, "U2_44", 95, 2120, "T", "DIP", "PGND", "", "C", 71.95, 71.95, 31, 90],
		[304, "U2_44", 95, 2120, "B", "DIP", "PGND", "", "C", 71.95, 71.95, 31, 90],
		[305, "U3_1", 3460, 1435, "T", "DIP", "PTT_10G", "", "R", 62.99, 62.99, 39.37, 0],
		[306, "U3_1", 3460, 1435, "B", "DIP", "PTT_10G", "", "R", 62.99, 62.99, 39.37, 0],
		[307, "U3_2", 3460, 1335, "T", "DIP", "PTT_5600", "", "C", 62.99, 62.99, 39.37, 0],
		[308, "U3_2", 3460, 1335, "B", "DIP", "PTT_5600", "", "C", 62.99, 62.99, 39.37, 0],
		[309, "U3_3", 3460, 1235, "T", "DIP", "PTT_2300", "", "C", 62.99, 62.99, 39.37, 0],
		[310, "U3_3", 3460, 1235, "B", "DIP", "PTT_2300", "", "C", 62.99, 62.99, 39.37, 0],
		[311, "U3_4", 3460, 1135, "T", "DIP", "PTT_1200", "", "C", 62.99, 62.99, 39.37, 0],
		[312, "U3_4", 3460, 1135, "B", "DIP", "PTT_1200", "", "C", 62.99, 62.99, 39.37, 0],
		[313, "U3_5", 3460, 1035, "T", "DIP", "PTT_430", "", "C", 62.99, 62.99, 39.37, 0],
		[314, "U3_5", 3460, 1035, "B", "DIP", "PTT_430", "", "C", 62.99, 62.99, 39.37, 0],
		[315, "U3_6", 3460, 935, "T", "DIP", "PTT_144", "", "C", 62.99, 62.99, 39.37, 0],
		[316, "U3_6", 3460, 935, "B", "DIP", "PTT_144", "", "C", 62.99, 62.99, 39.37, 0],
		[317, "U3_7", 3460, 835, "T", "DIP", "BAND_10G", "", "C", 62.99, 62.99, 39.37, 0],
		[318, "U3_7", 3460, 835, "B", "DIP", "BAND_10G", "", "C", 62.99, 62.99, 39.37, 0],
		[319, "U3_8", 3460, 735, "T", "DIP", "BAND_5600", "", "C", 62.99, 62.99, 39.37, 0],
		[320, "U3_8", 3460, 735, "B", "DIP", "BAND_5600", "", "C", 62.99, 62.99, 39.37, 0],
		[321, "U3_9", 3460, 635, "T", "DIP", "PGND", "", "C", 62.99, 62.99, 39.37, 0],
		[322, "U3_9", 3460, 635, "B", "DIP", "PGND", "", "C", 62.99, 62.99, 39.37, 0],
		[323, "U3_10", 3760, 635, "T", "DIP", "$3N2242", "", "C", 62.99, 62.99, 39.37, 0],
		[324, "U3_10", 3760, 635, "B", "DIP", "$3N2242", "", "C", 62.99, 62.99, 39.37, 0],
		[325, "U3_11", 3760, 735, "T", "DIP", "BAND_5600-", "", "C", 62.99, 62.99, 39.37, 0],
		[326, "U3_11", 3760, 735, "B", "DIP", "BAND_5600-", "", "C", 62.99, 62.99, 39.37, 0],
		[327, "U3_12", 3760, 835, "T", "DIP", "BAND_10G-", "", "C", 62.99, 62.99, 39.37, 0],
		[328, "U3_12", 3760, 835, "B", "DIP", "BAND_10G-", "", "C", 62.99, 62.99, 39.37, 0],
		[329, "U3_13", 3760, 935, "T", "DIP", "PTT_144-", "", "C", 62.99, 62.99, 39.37, 0],
		[330, "U3_13", 3760, 935, "B", "DIP", "PTT_144-", "", "C", 62.99, 62.99, 39.37, 0],
		[331, "U3_14", 3760, 1035, "T", "DIP", "PTT_430-", "", "C", 62.99, 62.99, 39.37, 0],
		[332, "U3_14", 3760, 1035, "B", "DIP", "PTT_430-", "", "C", 62.99, 62.99, 39.37, 0],
		[333, "U3_15", 3760, 1135, "T", "DIP", "PTT_1200-", "", "C", 62.99, 62.99, 39.37, 0],
		[334, "U3_15", 3760, 1135, "B", "DIP", "PTT_1200-", "", "C", 62.99, 62.99, 39.37, 0],
		[335, "U3_16", 3760, 1235, "T", "DIP", "PTT_2300-", "", "C", 62.99, 62.99, 39.37, 0],
		[336, "U3_16", 3760, 1235, "B", "DIP", "PTT_2300-", "", "C", 62.99, 62.99, 39.37, 0],
		[337, "U3_17", 3760, 1335, "T", "DIP", "PTT_5600-", "", "C", 62.99, 62.99, 39.37, 0],
		[338, "U3_17", 3760, 1335, "B", "DIP", "PTT_5600-", "", "C", 62.99, 62.99, 39.37, 0],
		[339, "U3_18", 3760, 1435, "T", "DIP", "PTT_10G-", "", "C", 62.99, 62.99, 39.37, 0],
		[340, "U3_18", 3760, 1435, "B", "DIP", "PTT_10G-", "", "C", 62.99, 62.99, 39.37, 0],
		[341, "U4_1", 3460, 2480, "T", "DIP", "BAND_2300", "", "R", 62.99, 62.99, 39.37, 0],
		[342, "U4_1", 3460, 2480, "B", "DIP", "BAND_2300", "", "R", 62.99, 62.99, 39.37, 0],
		[343, "U4_2", 3460, 2380, "T", "DIP", "BAND_1200", "", "C", 62.99, 62.99, 39.37, 0],
		[344, "U4_2", 3460, 2380, "B", "DIP", "BAND_1200", "", "C", 62.99, 62.99, 39.37, 0],
		[345, "U4_3", 3460, 2280, "T", "DIP", "BAND_430", "", "C", 62.99, 62.99, 39.37, 0],
		[346, "U4_3", 3460, 2280, "B", "DIP", "BAND_430", "", "C", 62.99, 62.99, 39.37, 0],
		[347, "U4_4", 3460, 2180, "T", "DIP", "BAND_144", "", "C", 62.99, 62.99, 39.37, 0],
		[348, "U4_4", 3460, 2180, "B", "DIP", "BAND_144", "", "C", 62.99, 62.99, 39.37, 0],
		[349, "U4_5", 3460, 2080, "T", "DIP", "$3N6144", "", "C", 62.99, 62.99, 39.37, 0],
		[350, "U4_5", 3460, 2080, "B", "DIP", "$3N6144", "", "C", 62.99, 62.99, 39.37, 0],
		[351, "U4_6", 3460, 1980, "T", "DIP", "$3N6146", "", "C", 62.99, 62.99, 39.37, 0],
		[352, "U4_6", 3460, 1980, "B", "DIP", "$3N6146", "", "C", 62.99, 62.99, 39.37, 0],
		[353, "U4_7", 3460, 1880, "T", "DIP", "$3N6148", "", "C", 62.99, 62.99, 39.37, 0],
		[354, "U4_7", 3460, 1880, "B", "DIP", "$3N6148", "", "C", 62.99, 62.99, 39.37, 0],
		[355, "U4_8", 3460, 1780, "T", "DIP", "PTT_IN-", "", "C", 62.99, 62.99, 39.37, 0],
		[356, "U4_8", 3460, 1780, "B", "DIP", "PTT_IN-", "", "C", 62.99, 62.99, 39.37, 0],
		[357, "U4_9", 3460, 1680, "T", "DIP", "PGND", "", "C", 62.99, 62.99, 39.37, 0],
		[358, "U4_9", 3460, 1680, "B", "DIP", "PGND", "", "C", 62.99, 62.99, 39.37, 0],
		[359, "U4_10", 3760, 1680, "T", "DIP", "$3N2242", "", "C", 62.99, 62.99, 39.37, 0],
		[360, "U4_10", 3760, 1680, "B", "DIP", "$3N2242", "", "C", 62.99, 62.99, 39.37, 0],
		[361, "U4_11", 3760, 1780, "T", "DIP", "PTT_IN+", "", "C", 62.99, 62.99, 39.37, 0],
		[362, "U4_11", 3760, 1780, "B", "DIP", "PTT_IN+", "", "C", 62.99, 62.99, 39.37, 0],
		[363, "U4_12", 3760, 1880, "T", "DIP", "U4_12", "", "C", 62.99, 62.99, 39.37, 0],
		[364, "U4_12", 3760, 1880, "B", "DIP", "U4_12", "", "C", 62.99, 62.99, 39.37, 0],
		[365, "U4_13", 3760, 1980, "T", "DIP", "U4_13", "", "C", 62.99, 62.99, 39.37, 0],
		[366, "U4_13", 3760, 1980, "B", "DIP", "U4_13", "", "C", 62.99, 62.99, 39.37, 0],
		[367, "U4_14", 3760, 2080, "T", "DIP", "U4_14", "", "C", 62.99, 62.99, 39.37, 0],
		[368, "U4_14", 3760, 2080, "B", "DIP", "U4_14", "", "C", 62.99, 62.99, 39.37, 0],
		[369, "U4_15", 3760, 2180, "T", "DIP", "BAND_144-", "", "C", 62.99, 62.99, 39.37, 0],
		[370, "U4_15", 3760, 2180, "B", "DIP", "BAND_144-", "", "C", 62.99, 62.99, 39.37, 0],
		[371, "U4_16", 3760, 2280, "T", "DIP", "BAND_430-", "", "C", 62.99, 62.99, 39.37, 0],
		[372, "U4_16", 3760, 2280, "B", "DIP", "BAND_430-", "", "C", 62.99, 62.99, 39.37, 0],
		[373, "U4_17", 3760, 2380, "T", "DIP", "BAND_1200-", "", "C", 62.99, 62.99, 39.37, 0],
		[374, "U4_17", 3760, 2380, "B", "DIP", "BAND_1200-", "", "C", 62.99, 62.99, 39.37, 0],
		[375, "U4_18", 3760, 2480, "T", "DIP", "BAND_2300-", "", "C", 62.99, 62.99, 39.37, 0],
		[376, "U4_18", 3760, 2480, "B", "DIP", "BAND_2300-", "", "C", 62.99, 62.99, 39.37, 0],
		[377, "U5_1", 2930, 815, "T", "DIP", "PGND", "", "R", 62, 70.87, 43.31, 90],
		[378, "U5_1", 2930, 815, "B", "DIP", "PGND", "", "R", 62, 70.87, 43.31, 90],
		[379, "U5_2", 2830, 815, "T", "DIP", "PGND", "", "C", 70.87, 70.87, 43.31, 90],
		[380, "U5_2", 2830, 815, "B", "DIP", "PGND", "", "C", 70.87, 70.87, 43.31, 90],
		[381, "U5_3", 2930, 915, "T", "DIP", "PTT_IN+", "", "C", 70.87, 70.87, 43.31, 90],
		[382, "U5_3", 2930, 915, "B", "DIP", "PTT_IN+", "", "C", 70.87, 70.87, 43.31, 90],
		[383, "U5_4", 2830, 915, "T", "DIP", "PTT_IN+", "", "C", 70.87, 70.87, 43.31, 90],
		[384, "U5_4", 2830, 915, "B", "DIP", "PTT_IN+", "", "C", 70.87, 70.87, 43.31, 90],
		[385, "U5_5", 2930, 1015, "T", "DIP", "PTT_10G", "", "C", 70.87, 70.87, 43.31, 90],
		[386, "U5_5", 2930, 1015, "B", "DIP", "PTT_10G", "", "C", 70.87, 70.87, 43.31, 90],
		[387, "U5_6", 2830, 1015, "T", "DIP", "PTT_10G", "", "C", 70.87, 70.87, 43.31, 90],
		[388, "U5_6", 2830, 1015, "B", "DIP", "PTT_10G", "", "C", 70.87, 70.87, 43.31, 90],
		[389, "U5_7", 2930, 1115, "T", "DIP", "PTT_5600", "", "C", 70.87, 70.87, 43.31, 90],
		[390, "U5_7", 2930, 1115, "B", "DIP", "PTT_5600", "", "C", 70.87, 70.87, 43.31, 90],
		[391, "U5_8", 2830, 1115, "T", "DIP", "PTT_5600", "", "C", 70.87, 70.87, 43.31, 90],
		[392, "U5_8", 2830, 1115, "B", "DIP", "PTT_5600", "", "C", 70.87, 70.87, 43.31, 90],
		[393, "U5_9", 2930, 1215, "T", "DIP", "PTT_2300", "", "C", 70.87, 70.87, 43.31, 90],
		[394, "U5_9", 2930, 1215, "B", "DIP", "PTT_2300", "", "C", 70.87, 70.87, 43.31, 90],
		[395, "U5_10", 2830, 1215, "T", "DIP", "PTT_2300", "", "C", 70.87, 70.87, 43.31, 90],
		[396, "U5_10", 2830, 1215, "B", "DIP", "PTT_2300", "", "C", 70.87, 70.87, 43.31, 90],
		[397, "U5_11", 2930, 1315, "T", "DIP", "PTT_1200", "", "C", 70.87, 70.87, 43.31, 90],
		[398, "U5_11", 2930, 1315, "B", "DIP", "PTT_1200", "", "C", 70.87, 70.87, 43.31, 90],
		[399, "U5_12", 2830, 1315, "T", "DIP", "PTT_1200", "", "C", 70.87, 70.87, 43.31, 90],
		[400, "U5_12", 2830, 1315, "B", "DIP", "PTT_1200", "", "C", 70.87, 70.87, 43.31, 90],
		[401, "U5_13", 2930, 1415, "T", "DIP", "PTT_430", "", "C", 70.87, 70.87, 43.31, 90],
		[402, "U5_13", 2930, 1415, "B", "DIP", "PTT_430", "", "C", 70.87, 70.87, 43.31, 90],
		[403, "U5_14", 2830, 1415, "T", "DIP", "PTT_430", "", "C", 70.87, 70.87, 43.31, 90],
		[404, "U5_14", 2830, 1415, "B", "DIP", "PTT_430", "", "C", 70.87, 70.87, 43.31, 90],
		[405, "U5_15", 2930, 1515, "T", "DIP", "PTT_144", "", "C", 70.87, 70.87, 43.31, 90],
		[406, "U5_15", 2930, 1515, "B", "DIP", "PTT_144", "", "C", 70.87, 70.87, 43.31, 90],
		[407, "U5_16", 2830, 1515, "T", "DIP", "PTT_144", "", "C", 70.87, 70.87, 43.31, 90],
		[408, "U5_16", 2830, 1515, "B", "DIP", "PTT_144", "", "C", 70.87, 70.87, 43.31, 90],
		[409, "U5_17", 2930, 1615, "T", "DIP", "BAND_10G", "", "C", 70.87, 70.87, 43.31, 90],
		[410, "U5_17", 2930, 1615, "B", "DIP", "BAND_10G", "", "C", 70.87, 70.87, 43.31, 90],
		[411, "U5_18", 2830, 1615, "T", "DIP", "BAND_10G", "", "C", 70.87, 70.87, 43.31, 90],
		[412, "U5_18", 2830, 1615, "B", "DIP", "BAND_10G", "", "C", 70.87, 70.87, 43.31, 90],
		[413, "U5_19", 2930, 1715, "T", "DIP", "BAND_5600", "", "C", 70.87, 70.87, 43.31, 90],
		[414, "U5_19", 2930, 1715, "B", "DIP", "BAND_5600", "", "C", 70.87, 70.87, 43.31, 90],
		[415, "U5_20", 2830, 1715, "T", "DIP", "BAND_5600", "", "C", 70.87, 70.87, 43.31, 90],
		[416, "U5_20", 2830, 1715, "B", "DIP", "BAND_5600", "", "C", 70.87, 70.87, 43.31, 90],
		[417, "U5_21", 2930, 1815, "T", "DIP", "PTT_IN-", "", "C", 70.87, 70.87, 43.31, 90],
		[418, "U5_21", 2930, 1815, "B", "DIP", "PTT_IN-", "", "C", 70.87, 70.87, 43.31, 90],
		[419, "U5_22", 2830, 1815, "T", "DIP", "PTT_IN-", "", "C", 70.87, 70.87, 43.31, 90],
		[420, "U5_22", 2830, 1815, "B", "DIP", "PTT_IN-", "", "C", 70.87, 70.87, 43.31, 90],
		[421, "U5_23", 2930, 1915, "T", "DIP", "BAND_2300", "", "C", 70.87, 70.87, 43.31, 90],
		[422, "U5_23", 2930, 1915, "B", "DIP", "BAND_2300", "", "C", 70.87, 70.87, 43.31, 90],
		[423, "U5_24", 2830, 1915, "T", "DIP", "BAND_2300", "", "C", 70.87, 70.87, 43.31, 90],
		[424, "U5_24", 2830, 1915, "B", "DIP", "BAND_2300", "", "C", 70.87, 70.87, 43.31, 90],
		[425, "U5_25", 2930, 2015, "T", "DIP", "BAND_1200", "", "C", 70.87, 70.87, 43.31, 90],
		[426, "U5_25", 2930, 2015, "B", "DIP", "BAND_1200", "", "C", 70.87, 70.87, 43.31, 90],
		[427, "U5_26", 2830, 2015, "T", "DIP", "BAND_1200", "", "C", 70.87, 70.87, 43.31, 90],
		[428, "U5_26", 2830, 2015, "B", "DIP", "BAND_1200", "", "C", 70.87, 70.87, 43.31, 90],
		[429, "U5_27", 2930, 2115, "T", "DIP", "BAND_430", "", "C", 70.87, 70.87, 43.31, 90],
		[430, "U5_27", 2930, 2115, "B", "DIP", "BAND_430", "", "C", 70.87, 70.87, 43.31, 90],
		[431, "U5_28", 2830, 2115, "T", "DIP", "BAND_430", "", "C", 70.87, 70.87, 43.31, 90],
		[432, "U5_28", 2830, 2115, "B", "DIP", "BAND_430", "", "C", 70.87, 70.87, 43.31, 90],
		[433, "U5_29", 2930, 2215, "T", "DIP", "BAND_144", "", "C", 70.87, 70.87, 43.31, 90],
		[434, "U5_29", 2930, 2215, "B", "DIP", "BAND_144", "", "C", 70.87, 70.87, 43.31, 90],
		[435, "U5_30", 2830, 2215, "T", "DIP", "BAND_144", "", "C", 70.87, 70.87, 43.31, 90],
		[436, "U5_30", 2830, 2215, "B", "DIP", "BAND_144", "", "C", 70.87, 70.87, 43.31, 90],
		[437, "U5_31", 2930, 2315, "T", "DIP", "12VDC", "", "C", 70.87, 70.87, 43.31, 90],
		[438, "U5_31", 2930, 2315, "B", "DIP", "12VDC", "", "C", 70.87, 70.87, 43.31, 90],
		[439, "U5_32", 2830, 2315, "T", "DIP", "12VDC", "", "C", 70.87, 70.87, 43.31, 90],
		[440, "U5_32", 2830, 2315, "B", "DIP", "12VDC", "", "C", 70.87, 70.87, 43.31, 90],
		[441, "U5_33", 2930, 2415, "T", "DIP", "14VDC", "", "C", 70.87, 70.87, 43.31, 90],
		[442, "U5_33", 2930, 2415, "B", "DIP", "14VDC", "", "C", 70.87, 70.87, 43.31, 90],
		[443, "U5_34", 2830, 2415, "T", "DIP", "14VDC", "", "C", 70.87, 70.87, 43.31, 90],
		[444, "U5_34", 2830, 2415, "B", "DIP", "14VDC", "", "C", 70.87, 70.87, 43.31, 90],
		[445, "U5_35", 2930, 2515, "T", "DIP", "14VDC", "", "C", 70.87, 70.87, 43.31, 90],
		[446, "U5_35", 2930, 2515, "B", "DIP", "14VDC", "", "C", 70.87, 70.87, 43.31, 90],
		[447, "U5_36", 2830, 2515, "T", "DIP", "14VDC", "", "C", 70.87, 70.87, 43.31, 90],
		[448, "U5_36", 2830, 2515, "B", "DIP", "14VDC", "", "C", 70.87, 70.87, 43.31, 90],
		[449, "U5_37", 2930, 2615, "T", "DIP", "PGND", "", "C", 70.87, 70.87, 43.31, 90],
		[450, "U5_37", 2930, 2615, "B", "DIP", "PGND", "", "C", 70.87, 70.87, 43.31, 90],
		[451, "U5_38", 2830, 2615, "T", "DIP", "PGND", "", "C", 70.87, 70.87, 43.31, 90],
		[452, "U5_38", 2830, 2615, "B", "DIP", "PGND", "", "C", 70.87, 70.87, 43.31, 90],
		[453, "U5_39", 2930, 2715, "T", "DIP", "PGND", "", "C", 70.87, 70.87, 43.31, 90],
		[454, "U5_39", 2930, 2715, "B", "DIP", "PGND", "", "C", 70.87, 70.87, 43.31, 90],
		[455, "U5_40", 2830, 2715, "T", "DIP", "PGND", "", "C", 70.87, 70.87, 43.31, 90],
		[456, "U5_40", 2830, 2715, "B", "DIP", "PGND", "", "C", 70.87, 70.87, 43.31, 90],
		[457, "VR1_1", 1785, 590, "T", "DIP", "VCC", "", "C", 60, 60, 30, 180],
		[458, "VR1_1", 1785, 590, "B", "DIP", "VCC", "", "C", 60, 60, 30, 180],
		[459, "VR1_2", 1685, 590, "T", "DIP", "$1N2773", "", "C", 60, 60, 30, 180],
		[460, "VR1_2", 1685, 590, "B", "DIP", "$1N2773", "", "C", 60, 60, 30, 180],
		[461, "VR1_3", 1585, 590, "T", "DIP", "PGND", "", "C", 60, 60, 30, 180],
		[462, "VR1_3", 1585, 590, "B", "DIP", "PGND", "", "C", 60, 60, 30, 180],
		[463, "PAD1_1", 2832.55, 240, "T", "DIP", "PGND", "", "C", 60, 60, 36, 0],
		[464, "PAD1_1", 2832.55, 240, "B", "DIP", "PGND", "", "C", 60, 60, 36, 0],
		[465, "PAD2_2", 2936.05, 240, "T", "DIP", "PGND", "", "C", 60, 60, 36, 0],
		[466, "PAD2_2", 2936.05, 240, "B", "DIP", "PGND", "", "C", 60, 60, 36, 0],
		[467, "PAD3_2", 4065, 1755, "T", "DIP", "CI-V_TIP", "", "C", 118.11, 118.11, 59.06, 0],
		[468, "PAD3_2", 4065, 1755, "B", "DIP", "CI-V_TIP", "", "C", 118.11, 118.11, 59.06, 0],
		[469, "PAD4_3", 4065, 1600, "T", "DIP", "CI-V_SLEEVE", "", "C", 118.11, 118.11, 59.06, 0],
		[470, "PAD4_3", 4065, 1600, "B", "DIP", "CI-V_SLEEVE", "", "C", 118.11, 118.11, 59.06, 0],
		[471, "PAD5_1", 3145, 1360, "T", "DIP", "PGND", "", "C", 118.11, 118.11, 59.06, 0],
		[472, "PAD5_1", 3145, 1360, "B", "DIP", "PGND", "", "C", 118.11, 118.11, 59.06, 0]
	]
}
}